User_ID,Income,Expense,Savings,Debt_Payment,Transaction_Count,Savings_Ratio,Debt_Burden,Spending_Ratio,Health_Score,Category
U1000,45795,31698,14097,10357,97,0.3078283655420897,0.226160061142046,0.6921716344579103,44.76,Risky
U1001,30860,12799,18061,17154,21,0.5852559948152949,0.5558651976668827,0.4147440051847051,54.29,Risky
U1002,133694,78497,55197,4363,138,0.4128607117746495,0.0326342244229359,0.5871392882253504,57.92,Risky
U1003,149879,90701,59178,10176,56,0.3948385030591343,0.0678947684465468,0.6051614969408656,55.6,Risky
U1004,140268,124057,16211,17461,88,0.1155716200416345,0.124483132289617,0.8844283799583654,34.36,Vulnerable
U1005,106820,74824,31996,8427,60,0.2995319228608875,0.0788897210260251,0.7004680771391125,48.6,Risky
U1006,84886,42046,42840,8580,81,0.5046768607308626,0.1010767382136041,0.4953231392691374,62.3,Moderate
U1007,36265,22034,14231,4858,79,0.3924169309251344,0.1339583620570798,0.6075830690748656,53.45,Risky
U1008,112386,92805,19581,10040,144,0.1742298862847685,0.089334970547933,0.8257701137152315,39.52,Vulnerable
U1009,67194,30963,36231,19198,130,0.5391999285650505,0.2857100336339554,0.4608000714349495,59.17,Risky
U1010,117498,91707,25791,19758,33,0.2195016085380176,0.1681560537200633,0.7804983914619823,40.32,Risky
U1011,142727,88346,54381,15254,103,0.381014103848606,0.1068753634561085,0.6189858961513939,53.46,Risky
U1012,74131,33406,40725,11470,149,0.5493653127571462,0.1547260929975314,0.4506346872428539,63.81,Moderate
U1013,90263,66179,24084,1252,89,0.2668202918139215,0.0138705781992621,0.7331797081860785,48.26,Risky
U1014,46023,26624,19399,6996,142,0.4215066379853551,0.152010951046216,0.5784933620146449,54.95,Risky
U1015,71090,38630,32460,12173,108,0.4566043044028696,0.1712336474890983,0.5433956955971304,56.83,Risky
U1016,97221,51541,45680,4673,47,0.4698573353493587,0.0480657471122494,0.5301426646506413,61.45,Moderate
U1017,94820,68613,26207,15781,85,0.2763868382197849,0.1664311326724319,0.7236131617802152,44.35,Risky
U1018,30769,14269,16500,13051,24,0.5362540219051642,0.424160681205109,0.4637459780948357,54.81,Risky
U1019,89735,56357,33378,6881,64,0.3719618877806875,0.0766813394996378,0.6280381122193124,53.74,Risky
U1020,92955,67422,25533,6949,66,0.2746812974019686,0.0747566026571997,0.7253187025980313,46.98,Risky
U1021,94925,70011,24914,9521,50,0.2624598367131946,0.1003002370292336,0.7375401632868054,45.36,Risky
U1022,97969,44502,53467,8017,29,0.5457542692076065,0.0818320080841899,0.4542457307923935,65.75,Moderate
U1023,35311,15617,19694,6941,137,0.5577298858712583,0.1965676418113335,0.4422701141287417,63.14,Moderate
U1024,133355,89523,43832,10209,33,0.3286865884293802,0.076555059802782,0.6713134115706197,50.71,Risky
U1025,134724,65011,69713,17715,99,0.5174504913749591,0.1314910483655473,0.4825495086250408,62.28,Moderate
U1026,113104,58212,54892,9550,112,0.4853232423256472,0.0844355637289574,0.5146767576743528,61.44,Moderate
U1027,83707,42764,40943,4637,29,0.4891227734836991,0.0553956061022375,0.5108772265163009,62.58,Moderate
U1028,115305,92751,22554,4854,95,0.1956029660465721,0.042097046962404,0.8043970339534279,42.43,Risky
U1029,58693,27532,31161,19561,113,0.5309151006082498,0.3332765406436883,0.4690848993917503,57.17,Risky
U1030,101932,89988,11944,10320,124,0.1171761566534552,0.1012439665659459,0.8828238433465447,35.17,Vulnerable
U1031,123016,58489,64527,18564,20,0.5245415230539117,0.1509071990635364,0.4754584769460883,62.19,Moderate
U1032,136970,111986,24984,4892,39,0.1824049061838358,0.0357158501861721,0.8175950938161641,41.7,Risky
U1033,55658,34487,21171,7043,27,0.3803765855761974,0.1265406590247583,0.6196234144238025,52.83,Risky
U1034,114478,50300,64178,16521,20,0.5606142664966194,0.1443159384335855,0.4393857335033805,64.91,Moderate
U1035,48431,33328,15103,19856,76,0.3118457186512771,0.4099853399682022,0.6881542813487229,39.53,Vulnerable
U1036,32747,12602,20145,19216,83,0.6151708553455278,0.5868018444437658,0.3848291446544721,55.46,Risky
U1037,89150,49221,39929,19963,137,0.4478855860908581,0.2239259674705552,0.5521144139091418,54.63,Risky
U1038,95725,53887,41838,4164,47,0.4370645077043614,0.0434996082528075,0.5629354922956386,59.29,Risky
U1039,114654,83031,31623,7941,140,0.2758124443979277,0.0692605578523209,0.7241875556020724,47.23,Risky
U1040,65773,59149,6624,14388,126,0.1007100177884542,0.2187523755948489,0.8992899822115458,30.49,Vulnerable
U1041,149346,92874,56472,5569,68,0.3781286408742115,0.037289247787018,0.6218713591257884,55.35,Risky
U1042,97435,45274,52161,4300,139,0.5353415097244316,0.0441319854261815,0.4646584902755683,66.15,Moderate
U1043,86886,46800,40086,6269,63,0.4613631655272426,0.0721520152843956,0.5386368344727575,60.13,Moderate
U1044,96803,37148,59655,3818,75,0.6162515624515769,0.0394409264175697,0.3837484375484231,71.95,Moderate
U1045,61551,47709,13842,12015,130,0.2248866793390846,0.1952039771896476,0.7751133206609153,39.89,Vulnerable
U1046,146216,72487,73729,12234,127,0.5042471412157357,0.0836707337090332,0.4957528587842644,62.79,Moderate
U1047,41394,33477,7917,18290,133,0.1912596028409914,0.4418514760593323,0.8087403971590086,30.13,Vulnerable
U1048,99092,78861,20231,6254,97,0.204163807370928,0.0631130666451378,0.795836192629072,42.4,Risky
U1049,33890,17767,16123,17144,149,0.475745057539097,0.5058719386249632,0.5242549424609029,48.13,Risky
U1050,71606,42359,29247,7350,56,0.4084434265285032,0.1026450297461106,0.5915565734714968,55.51,Risky
U1051,126276,46207,80069,15183,39,0.6340793183186036,0.120236624536729,0.3659206816813963,70.78,Moderate
U1052,110038,89107,20931,6238,45,0.19021610716298,0.0566895072611279,0.8097838928370199,41.61,Risky
U1053,117313,95757,21556,6090,48,0.1837477517410687,0.0519124052747777,0.8162522482589313,41.3,Risky
U1054,40627,25465,15162,11637,20,0.3732000886110222,0.2864351293474783,0.6267999113889777,47.53,Risky
U1055,38792,27367,11425,12647,138,0.2945194885543411,0.3260208290369148,0.7054805114456589,40.84,Risky
U1056,138859,60338,78521,9911,54,0.5654728897658776,0.07137455980527,0.4345271102341224,67.44,Moderate
U1057,138557,95992,42565,8472,78,0.3072020901145377,0.0611445109233023,0.6927979098854623,49.67,Risky
U1058,103969,47509,56460,18271,88,0.5430464850099549,0.1757350748780886,0.4569535149900451,62.74,Moderate
U1059,73001,34317,38684,3266,31,0.5299105491705594,0.0447391131628333,0.4700894508294407,65.75,Moderate
U1060,106552,60145,46407,666,39,0.4355338238606502,0.0062504692544485,0.5644661761393498,60.3,Moderate
U1061,53897,32566,21331,4188,62,0.3957734196708536,0.0777037682987921,0.6042265803291463,55.37,Risky
U1062,98148,35280,62868,17055,145,0.6405428536495904,0.1737681868199046,0.3594571463504096,69.62,Moderate
U1063,53483,30670,22813,10161,69,0.4265467531739057,0.1899856029018566,0.5734532468260942,54.16,Risky
U1064,78555,53533,25022,11314,48,0.3185284195786391,0.1440264782636369,0.6814715804213608,47.98,Risky
U1065,47159,32350,14809,12891,58,0.3140227740198053,0.2733518522445344,0.6859772259801946,43.78,Risky
U1066,140510,66616,73894,4777,57,0.5258985125613835,0.033997580243399,0.4741014874386164,65.79,Moderate
U1067,136530,96300,40230,3900,103,0.2946605141727093,0.02856515051637,0.7053394858272907,49.77,Risky
U1068,110077,44270,65807,13716,147,0.5978269756624908,0.1246036865103518,0.4021730243375092,68.11,Moderate
U1069,65920,41356,24564,6981,145,0.372633495145631,0.1059010922330097,0.627366504854369,52.91,Risky
U1070,122067,85140,36927,6376,64,0.3025141930251419,0.0522336094112249,0.6974858069748581,49.61,Risky
U1071,97121,73740,23381,16907,71,0.2407409314154508,0.1740818154673036,0.7592590685845492,41.63,Risky
U1072,99479,41886,57593,18777,99,0.5789463102765408,0.1887534052413072,0.4210536897234592,64.86,Moderate
U1073,119475,84175,35300,18977,143,0.2954593011090186,0.158836576689684,0.7045406988909814,45.92,Risky
U1074,49457,37108,12349,10160,138,0.2496916513334816,0.2054309804476616,0.7503083486665184,41.32,Risky
U1075,96557,67004,29553,14124,27,0.3060679184316,0.146276292759717,0.6939320815684,47.04,Risky
U1076,107189,65742,41447,16282,104,0.3866721398650981,0.1518999151032288,0.6133278601349019,52.51,Risky
U1077,139109,118876,20233,10488,148,0.1454470954431417,0.0753941154059047,0.8545529045568583,37.92,Vulnerable
U1078,108953,62456,46497,5240,27,0.4267619982928419,0.04809413233229,0.5732380017071581,58.43,Risky
U1079,82995,71186,11809,10453,115,0.1422856798602325,0.1259473462256762,0.8577143201397674,36.18,Vulnerable
U1080,70757,32361,38396,10478,121,0.5426459572904447,0.1480842884802917,0.4573540427095552,63.54,Moderate
U1081,39692,28217,11475,12394,24,0.2891010783029326,0.3122543585609191,0.7108989216970674,40.87,Risky
U1082,75758,63741,12017,19262,105,0.1586235117083344,0.2542569761609335,0.8413764882916656,33.48,Vulnerable
U1083,102409,42434,59975,4432,53,0.5856418869435304,0.0432774463181946,0.4143581130564696,69.7,Moderate
U1084,101211,84537,16674,13568,74,0.1647449387912381,0.1340565748782247,0.8352550612087619,37.51,Vulnerable
U1085,95697,59326,36371,14178,138,0.3800641608409877,0.1481551145803943,0.6199358391590123,52.16,Risky
U1086,67065,35298,31767,17660,133,0.4736747931111608,0.2633266234250354,0.5263252068888392,55.26,Risky
U1087,122093,69149,52944,302,45,0.4336366540260293,0.0024735242806712,0.5663633459739706,60.28,Moderate
U1088,129299,63947,65352,17022,66,0.5054331433344419,0.1316483499485688,0.4945668566655581,61.43,Moderate
U1089,62606,36050,26556,55,132,0.4241765964923489,0.0008785100469603,0.575823403507651,59.67,Risky
U1090,41534,37188,4346,13013,95,0.1046371647325083,0.3133095776953821,0.8953628352674917,27.93,Vulnerable
U1091,124663,96793,27870,8717,91,0.2235627251068881,0.0699245164964744,0.7764372748931119,43.55,Risky
U1092,70397,26807,43590,8150,108,0.61920252283478,0.1157719789195562,0.3807974771652201,69.87,Moderate
U1093,121387,64537,56850,2125,65,0.4683368070715974,0.0175059932282699,0.5316631929284026,62.26,Moderate
U1094,31016,17168,13848,11479,52,0.4464792365230848,0.3700993035852463,0.5535207634769151,50.15,Risky
U1095,119789,49962,69827,15745,20,0.5829166284049454,0.1314394476955313,0.4170833715950546,66.86,Moderate
U1096,85591,61734,23857,16748,50,0.2787325770232851,0.1956747788903038,0.7212674229767149,43.64,Risky
U1097,119812,69668,50144,6809,72,0.4185223516843054,0.0568307014322438,0.5814776483156946,57.59,Risky
U1098,53247,41809,11438,4621,67,0.2148102240501812,0.0867842319755103,0.7851897759498188,42.43,Risky
U1099,54300,19790,34510,15034,88,0.6355432780847146,0.2768692449355432,0.3644567219152854,66.18,Moderate
U1100,104065,42561,61504,13623,124,0.5910152308653246,0.1309085667611589,0.4089847691346754,67.44,Moderate
U1101,112798,45823,66975,5126,109,0.5937605276689303,0.0454440681572368,0.4062394723310697,70.2,Moderate
U1102,39268,32543,6725,5122,82,0.1712590404400529,0.1304369970459407,0.828740959559947,38.08,Vulnerable
U1103,116807,66254,50553,18030,92,0.4327908430145453,0.1543571874973246,0.5672091569854546,55.66,Risky
U1104,42185,35302,6883,17302,108,0.1631622614673462,0.4101457864169728,0.8368377385326538,29.12,Vulnerable
U1105,93704,47769,45935,19181,32,0.4902138649363954,0.2046977717066507,0.5097861350636046,58.17,Risky
U1106,116779,46491,70288,5870,92,0.6018890382688669,0.0502658868460939,0.3981109617311331,70.62,Moderate
U1107,69099,58888,10211,1531,96,0.1477734844209033,0.0221566158699836,0.8522265155790967,39.68,Vulnerable
U1108,38571,17306,21265,8172,87,0.5513209406030437,0.2118690207668974,0.4486790593969562,62.24,Moderate
U1109,135512,89690,45822,19729,117,0.3381397957376468,0.145588582560954,0.6618602042623531,49.3,Risky
U1110,68044,51531,16513,7673,144,0.2426812062782905,0.1127652695314796,0.7573187937217095,43.6,Risky
U1111,81214,31660,49554,6882,121,0.6101657349718029,0.0847390843943162,0.3898342650281971,70.17,Moderate
U1112,91228,47777,43451,1906,121,0.4762901740693647,0.0208927083790064,0.5237098259306353,62.71,Moderate
U1113,144752,53015,91737,3086,38,0.6337529015143142,0.0213192218414944,0.3662470984856859,73.72,Moderate
U1114,78984,29576,49408,13503,101,0.6255444140585436,0.1709586751747189,0.3744555859414565,68.66,Moderate
U1115,70774,35683,35091,8152,42,0.495817673156809,0.1151835419786927,0.504182326843191,61.25,Moderate
U1116,32568,19954,12614,5750,102,0.3873126995824121,0.1765536723163842,0.6126873004175878,51.82,Risky
U1117,92592,53707,38885,12772,128,0.4199606877484015,0.1379384828062899,0.5800393122515984,55.26,Risky
U1118,97563,39645,57918,10267,94,0.5936471818209772,0.1052345663827475,0.4063528181790228,68.4,Moderate
U1119,32695,22025,10670,1062,148,0.3263495947392568,0.0324820308915736,0.6736504052607433,51.87,Risky
U1120,78190,36935,41255,18360,107,0.5276250159866991,0.234812635886942,0.4723749840133009,59.89,Risky
U1121,35258,30163,5095,17680,73,0.1445062113562879,0.5014464802314368,0.8554937886437121,25.07,Vulnerable
U1122,117538,101662,15876,6229,108,0.1350712110126087,0.0529956269461791,0.8649287889873913,37.87,Vulnerable
U1123,69504,29183,40321,16509,84,0.5801248848987108,0.2375258977900552,0.4198751151012891,63.48,Moderate
U1124,63159,22445,40714,15147,95,0.644627052359917,0.2398233030921958,0.355372947640083,67.93,Moderate
U1125,43986,26576,17410,4632,79,0.3958077570135952,0.1053062338016641,0.6041922429864047,54.55,Risky
U1126,91858,48916,42942,6288,112,0.4674824185155348,0.0684534825491519,0.5325175814844652,60.67,Moderate
U1127,42666,23424,19242,3596,68,0.4509914217409647,0.084282566915108,0.5490085782590353,59.04,Risky
U1128,68660,24169,44491,11475,54,0.6479900961258375,0.1671278764928634,0.3520099038741625,70.35,Moderate
U1129,33561,12104,21457,6168,121,0.6393432853609845,0.1837847501564315,0.3606567146390155,69.24,Moderate
U1130,56854,41213,15641,9795,30,0.2751081718084919,0.1722833925493369,0.7248918281915081,44.09,Risky
U1131,94505,42790,51715,7561,118,0.5472197238241363,0.0800063488704301,0.4527802761758637,65.91,Moderate
U1132,134488,77724,56764,8258,129,0.4220748319552674,0.0614032478734162,0.5779251680447326,57.7,Risky
U1133,82251,54666,27585,16616,93,0.3353758616916512,0.2020157809631493,0.6646241383083489,47.42,Risky
U1134,52662,34427,18235,6371,28,0.3462648589115491,0.1209790740951729,0.6537351410884509,50.61,Risky
U1135,38392,18441,19951,14369,22,0.5196655553240258,0.3742706813919567,0.4803344446759741,55.15,Risky
U1136,60535,47949,12586,12910,104,0.2079127777318906,0.2132650532749649,0.7920872222681093,38.16,Vulnerable
U1137,108603,51294,57309,7943,45,0.5276926051766526,0.0731379427824277,0.4723073948233474,64.74,Moderate
U1138,143569,114171,29398,12199,91,0.2047656527523351,0.0849695965006373,0.7952343472476648,41.78,Risky
U1139,82256,68209,14047,15728,67,0.1707717370161447,0.191207936199183,0.8292282629838553,36.22,Vulnerable
U1140,119135,97265,21870,6738,136,0.1835732572291937,0.056557686657993,0.8164267427708062,41.15,Risky
U1141,65222,42381,22841,15913,31,0.3502039189230628,0.2439820919321701,0.6497960810769372,47.19,Risky
U1142,107373,57799,49574,2472,67,0.4616989373492405,0.0230225475678243,0.5383010626507595,61.63,Moderate
U1143,109575,95520,14055,19123,56,0.1282683093771389,0.1745197353410905,0.871731690622861,33.74,Vulnerable
U1144,126354,91063,35291,15679,63,0.279302594298558,0.1240878800829415,0.720697405701442,45.83,Risky
U1145,114651,84822,29829,1761,34,0.2601721746866577,0.0153596566972813,0.7398278253133422,47.75,Risky
U1146,93335,72340,20995,10167,62,0.2249424117426474,0.1089301976750415,0.7750575882573525,42.48,Risky
U1147,40965,33555,7410,10554,106,0.1808861222995239,0.2576345660930062,0.8191138777004761,34.93,Vulnerable
U1148,54538,31540,22998,17260,89,0.4216876306428545,0.3164765851333015,0.5783123693571455,50.02,Risky
U1149,138066,106665,31401,14277,65,0.2274347051410195,0.1034070661857372,0.7725652948589805,42.82,Risky
U1150,100592,84187,16405,3812,127,0.163084539526006,0.0378956577063782,0.836915460473994,40.28,Risky
U1151,128018,63757,64261,17844,142,0.5019684731834586,0.1393866487525192,0.4980315268165414,60.96,Moderate
U1152,143252,51445,91807,18117,40,0.6408776142741462,0.1264694384720632,0.3591223857258537,71.07,Moderate
U1153,38110,28190,9920,1605,126,0.2602991340855418,0.042114930464445,0.7397008659144582,46.96,Risky
U1154,109309,63490,45819,5622,99,0.4191695102873505,0.0514321785031424,0.5808304897126495,57.8,Risky
U1155,57266,22703,34563,6767,66,0.6035518457723605,0.1181678482869416,0.3964481542276394,68.7,Moderate
U1156,82992,72218,10774,11613,136,0.1298197416618469,0.1399291497975708,0.870180258338153,34.89,Vulnerable
U1157,112948,66016,46932,19901,143,0.415518645748486,0.1761961256507419,0.5844813542515139,53.8,Risky
U1158,128806,84057,44749,10589,44,0.3474139403443939,0.0822089033119575,0.6525860596556061,51.85,Risky
U1159,36910,32464,4446,13918,55,0.120455161202926,0.3770793822812246,0.879544838797074,27.12,Vulnerable
U1160,140989,50486,90503,13046,70,0.6419153267276171,0.0925320415067842,0.3580846732723829,72.16,Moderate
U1161,120982,67185,53797,2590,34,0.444669454960242,0.0214081433601692,0.555330545039758,60.48,Moderate
U1162,149176,78632,70544,17447,87,0.4728910816753365,0.1169558105861532,0.5271089183246634,59.59,Risky
U1163,30206,12280,17926,4324,40,0.5934582533271535,0.1431503674766602,0.4065417466728464,67.25,Moderate
U1164,117054,44598,72456,10787,38,0.618996360654057,0.0921540485587848,0.3810036393459429,70.57,Moderate
U1165,117897,60858,57039,9111,53,0.4838036591261864,0.0772793200844805,0.5161963408738136,61.55,Moderate
U1166,53419,29181,24238,5342,97,0.4537336902600198,0.100001871993111,0.5462663097399801,58.76,Risky
U1167,80636,56530,24106,16389,144,0.2989483605337566,0.2032466888238503,0.7010516394662434,44.83,Risky
U1168,144238,95272,48966,8659,136,0.3394805807068872,0.0600327236927855,0.6605194192931128,51.96,Risky
U1169,80015,54091,25924,14043,71,0.3239892520152471,0.1755045928888333,0.6760107479847529,47.41,Risky
U1170,147478,68476,79002,8837,46,0.535686678691059,0.0599208017467012,0.464313321308941,65.7,Moderate
U1171,137059,55654,81405,117,54,0.5939412953545553,0.0008536469695532,0.4060587046454447,71.55,Moderate
U1172,84268,55045,29223,13917,125,0.3467864432524802,0.1651516589927374,0.6532135567475198,49.32,Risky
U1173,140687,50447,90240,18935,21,0.6414238700093114,0.1345895498517986,0.3585761299906885,70.86,Moderate
U1174,117939,87377,30562,14309,96,0.2591339590805416,0.1213254309431146,0.7408660409194584,44.5,Risky
U1175,48141,18809,29332,13234,109,0.6092935335784466,0.2749008121975032,0.3907064664215534,64.4,Moderate
U1176,110356,39181,71175,5560,108,0.6449581354887818,0.0503823987821233,0.3550418645112182,73.64,Moderate
U1177,135878,77246,58632,846,113,0.4315047321862258,0.0062261734791504,0.5684952678137741,60.02,Moderate
U1178,101910,84319,17591,10954,26,0.1726130899813561,0.1074869983318614,0.827386910018644,38.86,Vulnerable
U1179,86044,44008,42036,13703,114,0.4885407465947655,0.1592557296267026,0.5114592534052346,59.42,Risky
U1180,97214,66296,30918,15385,127,0.318040611434567,0.1582590984837575,0.6819593885654329,47.52,Risky
U1181,147930,118193,29737,13746,93,0.2010207530588792,0.0929223281281687,0.7989792469411208,41.28,Risky
U1182,149324,112274,37050,6469,58,0.2481181859580509,0.0433219040475744,0.7518818140419491,46.07,Risky
U1183,63827,51874,11953,9333,90,0.1872718442038635,0.1462233850878155,0.8127281557961364,38.72,Vulnerable
U1184,85820,42905,42915,16608,75,0.5000582614775111,0.193521323700769,0.4999417385224889,59.2,Risky
U1185,92623,39584,53039,12819,61,0.572633147274435,0.1383997495222569,0.4273668527255649,65.93,Moderate
U1186,111734,52088,59646,4208,55,0.5338213972470331,0.0376608731451483,0.4661786027529668,66.24,Moderate
U1187,105450,77604,27846,6283,103,0.2640682788051209,0.0595827406353722,0.735931721194879,46.7,Risky
U1188,123426,102153,21273,2048,137,0.1723542851587186,0.0165929382788067,0.8276457148412815,41.57,Risky
U1189,147845,79809,68036,6233,26,0.4601846528458859,0.0421590178903581,0.5398153471541141,60.95,Moderate
U1190,52299,42813,9486,12941,73,0.1813801411116847,0.2474425897244689,0.8186198588883152,35.27,Vulnerable
U1191,73585,39281,34304,12607,148,0.4661819664333764,0.1713256777875925,0.5338180335666236,57.49,Risky
U1192,139225,51182,88043,9765,139,0.6323792422337943,0.0701382653977374,0.3676207577662058,72.16,Moderate
U1193,94044,53793,40251,1828,125,0.4280017863978563,0.0194377100080813,0.5719982136021436,59.38,Risky
U1194,72557,38385,34172,1917,66,0.4709676530176275,0.0264206072467163,0.5290323469823724,62.18,Moderate
U1195,79080,30486,48594,6988,142,0.6144916540212443,0.0883662114314618,0.3855083459787557,70.36,Moderate
U1196,139556,85437,54119,18410,138,0.3877941471523976,0.1319183696867207,0.6122058528476024,53.19,Risky
U1197,32693,14978,17715,14594,137,0.5418591135717126,0.4463952528064112,0.4581408864282874,54.54,Risky
U1198,125003,74137,50866,12977,40,0.4069182339623849,0.1038135084757965,0.5930817660376151,55.37,Risky
U1199,125259,99060,26199,9,45,0.2091586233324551,7.185112447009795e-05,0.7908413766675448,44.64,Risky
U1200,142235,119120,23115,16644,28,0.1625127429957464,0.1170176116989489,0.8374872570042535,37.87,Vulnerable
U1201,99163,63460,35703,9865,34,0.3600435646360033,0.0994826699474602,0.6399564353639966,52.22,Risky
U1202,55939,40661,15278,2219,29,0.273118933123581,0.03966821001448,0.726881066876419,47.93,Risky
U1203,78925,45977,32948,7041,141,0.4174596135571745,0.0892112765283497,0.5825403864428255,56.55,Risky
U1204,72941,47719,25222,18444,140,0.3457863204507753,0.252861902085247,0.6542136795492247,46.62,Risky
U1205,51834,24283,27551,5287,144,0.5315237103059768,0.1019986881197669,0.4684762896940232,64.15,Moderate
U1206,48047,36019,12028,1619,91,0.2503382105022166,0.0336961724977626,0.7496617894977834,46.51,Risky
U1207,56105,28730,27375,8512,68,0.4879244274128865,0.151715533374922,0.5120755725871134,59.6,Risky
U1208,105766,70150,35616,1342,110,0.3367433768886031,0.0126883875725658,0.6632566231113969,53.19,Risky
U1209,45707,36639,9068,10568,56,0.1983941190627256,0.2312118493884963,0.8016058809372744,36.95,Vulnerable
U1210,51976,37694,14282,19216,87,0.2747806680006157,0.3697090965060797,0.7252193319993844,38.14,Vulnerable
U1211,74262,60622,13640,19208,69,0.1836740190137621,0.2586518003824298,0.8163259809862379,35.1,Vulnerable
U1212,53776,35320,18456,18378,38,0.343201428146385,0.3417509669741148,0.656798571853615,43.77,Risky
U1213,60080,29044,31036,14231,119,0.516577896138482,0.2368675099866844,0.4834221038615179,59.05,Risky
U1214,96842,36278,60564,3490,79,0.6253898102063155,0.0360380826500898,0.3746101897936845,72.7,Moderate
U1215,91373,47052,44321,9310,108,0.4850557604544012,0.1018900550490845,0.5149442395455988,60.9,Moderate
U1216,36776,16806,19970,7984,88,0.5430171851207309,0.2170981074613878,0.456982814879269,61.5,Moderate
U1217,122787,83485,39302,17988,68,0.3200827449159927,0.1464975933934374,0.6799172550840072,48.01,Risky
U1218,85016,51581,33435,12219,127,0.3932789122047614,0.1437258868918791,0.6067210877952386,53.22,Risky
U1219,39474,16305,23169,235,138,0.5869433044535644,0.0059532857070476,0.4130566955464356,70.91,Moderate
U1220,135830,73058,62772,10161,56,0.4621364941470956,0.0748067437237723,0.5378635058529043,60.11,Moderate
U1221,88053,54863,33190,1908,30,0.3769320750002839,0.0216687676740145,0.6230679249997161,55.74,Risky
U1222,51959,36293,15666,8567,97,0.3015069574087261,0.1648800015396755,0.6984930425912739,46.16,Risky
U1223,35530,31586,3944,3530,96,0.1110047846889952,0.0993526597241767,0.8889952153110048,34.79,Vulnerable
U1224,124856,70802,54054,5256,21,0.4329307362081117,0.0420964951624271,0.5670692637918883,59.04,Risky
U1225,149101,88373,60728,19019,83,0.4072943843434987,0.1275578299273646,0.5927056156565013,54.68,Risky
U1226,33748,17656,16092,8162,54,0.4768282564892734,0.241851368970013,0.5231717435107266,56.12,Risky
U1227,127504,81300,46204,18944,26,0.3623729451625047,0.1485757309574601,0.6376270548374953,50.91,Risky
U1228,128098,64171,63927,5415,104,0.4990476041780511,0.0422723227528923,0.5009523958219488,63.67,Moderate
U1229,43545,37553,5992,3391,86,0.1376047766678149,0.0778734642324032,0.8623952233321851,37.3,Vulnerable
U1230,96199,60612,35587,11157,61,0.3699310803646607,0.1159783365731452,0.6300689196353393,52.42,Risky
U1231,64766,35081,29685,5951,137,0.4583423401167279,0.0918846308248154,0.5416576598832721,59.33,Risky
U1232,103530,36511,67019,8007,144,0.6473389355742297,0.0773399014778325,0.3526610644257703,72.99,Moderate
U1233,123557,94395,29162,9064,43,0.236020622061073,0.0733588546177068,0.763979377938927,44.32,Risky
U1234,91087,49491,41596,15524,65,0.4566623118556984,0.1704304675749558,0.5433376881443016,56.85,Risky
U1235,125839,55987,69852,19282,38,0.5550902343470625,0.1532275367731784,0.4449097656529375,64.26,Moderate
U1236,146183,104051,42132,77,87,0.2882140878214293,0.0005267370350861,0.7117859121785707,50.16,Risky
U1237,98840,50500,48340,7577,121,0.4890732496964791,0.0766592472683124,0.5109267503035209,61.94,Moderate
U1238,148451,101804,46647,16984,61,0.3142248957568491,0.1144081211982405,0.6857751042431509,48.56,Risky
U1239,84384,50070,34314,14060,51,0.4066410693970421,0.16661926431551,0.5933589306029579,53.47,Risky
U1240,81005,56161,24844,17449,128,0.306697117461885,0.2154064563915807,0.6933028825381149,45.01,Risky
U1241,76576,39107,37469,18520,55,0.4893047430004179,0.2418512327622231,0.5106952569995821,57.0,Risky
U1242,69353,34776,34577,10535,116,0.4985653108012631,0.1519040272230473,0.5014346891987369,60.34,Moderate
U1243,92003,51426,40577,9510,92,0.4410399660880623,0.1033661945806115,0.5589600339119376,57.77,Risky
U1244,113211,76599,36612,6943,116,0.3233961364178392,0.061327962830467,0.6766038635821607,50.8,Risky
U1245,82733,40546,42187,11954,142,0.5099174452757667,0.1444888980213457,0.4900825547242334,61.36,Moderate
U1246,95318,44247,51071,7804,89,0.5357959671835331,0.081873308294341,0.464204032816467,65.05,Moderate
U1247,139953,61849,78104,6565,32,0.5580730673869084,0.0469086050316892,0.4419269326130915,67.66,Moderate
U1248,119474,74607,44867,5984,68,0.3755377739089676,0.0500862112258734,0.6244622260910324,54.79,Risky
U1249,53664,28546,25118,4670,79,0.4680605247465713,0.0870229576624925,0.5319394752534288,60.15,Moderate
U1250,97172,54630,42542,18574,149,0.4378010126373852,0.1911455974972214,0.5621989873626148,54.91,Risky
U1251,115616,83192,32424,9184,24,0.2804456130639358,0.0794353722668142,0.7195543869360642,47.25,Risky
U1252,123264,51210,72054,19096,46,0.5845502336448598,0.1549195223260643,0.4154497663551402,66.27,Moderate
U1253,145386,58180,87206,2192,27,0.5998239170208961,0.0150771050857716,0.4001760829791039,71.54,Moderate
U1254,56736,28249,28487,1248,69,0.5020974337281444,0.0219966159052453,0.4979025662718556,64.49,Moderate
U1255,124209,54863,69346,11246,86,0.5583009282741186,0.0905409430878599,0.4416990717258813,66.36,Moderate
U1256,133041,66695,66346,12790,63,0.4986883742605663,0.096135777692591,0.5013116257394337,62.02,Moderate
U1257,142859,125969,16890,18381,144,0.1182284630299806,0.1286653273507444,0.8817715369700194,34.42,Vulnerable
U1258,142181,64801,77380,3687,77,0.5442358683649714,0.0259317349012877,0.4557641316350286,67.32,Moderate
U1259,30854,22326,8528,4018,22,0.2763985220716924,0.1302262267453166,0.7236014779283075,45.44,Risky
U1260,120084,63310,56774,11302,105,0.4727857166650012,0.094117451117551,0.5272142833349989,60.27,Moderate
U1261,68623,32623,36000,1970,89,0.5246054529822363,0.0287075761770834,0.4753945470177637,65.86,Moderate
U1262,37392,15101,22291,8389,149,0.5961435601198117,0.2243528027385537,0.4038564398801882,65.0,Moderate
U1263,85680,31368,54312,17586,21,0.6338935574229692,0.2052521008403361,0.3661064425770308,68.21,Moderate
U1264,76717,27948,48769,15374,121,0.6357000404082537,0.200398868568896,0.3642999595917462,68.49,Moderate
U1265,149937,72287,77650,5788,54,0.5178841780214357,0.0386028798762146,0.4821158219785643,65.09,Moderate
U1266,117092,93789,23303,5408,117,0.19901445017593,0.046185905100263,0.80098554982407,42.55,Risky
U1267,80859,52622,28237,9446,49,0.3492128272672182,0.1168206383952312,0.6507871727327817,50.94,Risky
U1268,134095,88802,45293,922,135,0.337768000298296,0.0068757224355867,0.662231999701704,53.44,Risky
U1269,56309,19895,36414,419,27,0.6466817027473406,0.0074410840185405,0.3533182972526594,75.04,Moderate
U1270,117455,102497,14958,18588,63,0.1273509003448129,0.158256353497084,0.8726490996551871,34.17,Vulnerable
U1271,93734,77522,16212,10789,55,0.1729575180830861,0.1151023107943755,0.8270424819169139,38.65,Vulnerable
U1272,100467,45370,55097,1120,96,0.54840893029552,0.0111479391242895,0.4515910697044801,68.05,Moderate
U1273,82662,50724,31938,11260,50,0.386368585323365,0.1362173671094336,0.613631414676635,52.96,Risky
U1274,128506,112605,15901,17334,66,0.1237374130390798,0.1348886433318288,0.8762625869609201,34.61,Vulnerable
U1275,139751,77132,62619,2336,74,0.4480755057208893,0.0167154438966447,0.5519244942791107,60.86,Moderate
U1276,148906,126202,22704,5373,125,0.1524720293339422,0.0360831665614548,0.8475279706660578,39.59,Vulnerable
U1277,42688,36971,5717,2243,140,0.1339252248875562,0.0525440404797601,0.8660747751124438,37.8,Vulnerable
U1278,55342,24554,30788,19029,74,0.5563225037042391,0.3438437353185645,0.4436774962957609,58.63,Risky
U1279,67157,38775,28382,4612,31,0.4226216179996128,0.0686748961388984,0.5773783820003872,57.52,Risky
U1280,97863,40028,57835,13946,22,0.5909792260609219,0.142505339096492,0.4090207739390781,67.09,Moderate
U1281,136308,107473,28835,18249,49,0.2115429762009566,0.133880623294304,0.7884570237990434,40.79,Risky
U1282,82083,41178,40905,11104,42,0.4983370490844633,0.1352777067114993,0.5016629509155367,60.83,Moderate
U1283,136081,104327,31754,13429,111,0.233346315797209,0.0986838721055841,0.766653684202791,43.37,Risky
U1284,95733,74097,21636,6371,134,0.2260035724358371,0.0665496746158586,0.7739964275641629,43.82,Risky
U1285,119045,57382,61663,6359,123,0.5179805955731026,0.0534167751690537,0.4820194044268974,64.66,Moderate
U1286,64698,32994,31704,7863,137,0.4900306037280905,0.1215338959473244,0.5099693962719095,60.66,Moderate
U1287,140078,117514,22564,3228,24,0.1610816830622938,0.0230443038878339,0.8389183169377061,40.58,Risky
U1288,110623,56340,54283,14382,123,0.4907026567711958,0.1300091301085669,0.5092973432288042,60.45,Moderate
U1289,52671,43983,8688,18755,127,0.1649484536082474,0.3560782973552809,0.8350515463917526,30.86,Vulnerable
U1290,55184,24041,31143,2891,84,0.5643483618440127,0.0523883734415772,0.4356516381559872,67.93,Moderate
U1291,123384,96301,27083,3756,140,0.2195017182130584,0.0304415483368994,0.7804982817869416,44.45,Risky
U1292,72107,63691,8416,15770,49,0.1167154367814497,0.2187027611743658,0.8832845632185502,31.61,Vulnerable
U1293,116202,99064,17138,16478,103,0.1474845527615703,0.141804788213628,0.8525154472384296,36.07,Vulnerable
U1294,139893,72744,67149,2674,51,0.4800025733953807,0.0191146090226101,0.5199974266046192,63.03,Moderate
U1295,81663,57036,24627,6898,35,0.3015686418573895,0.0844690986125907,0.6984313581426105,48.58,Risky
U1296,45708,18365,27343,10147,57,0.5982103789271025,0.2219961494705522,0.4017896210728975,65.21,Moderate
U1297,121906,58259,63647,793,55,0.5220989943070891,0.0065050120584712,0.4779010056929109,66.35,Moderate
U1298,79811,50106,29705,2116,133,0.3721918031349062,0.0265126361027928,0.6278081968650938,55.26,Risky
U1299,32811,11919,20892,5779,85,0.6367376794367743,0.1761299564170552,0.3632623205632257,69.29,Moderate
U1300,86250,65783,20467,12298,124,0.2372985507246376,0.1425855072463768,0.7627014492753623,42.33,Risky
U1301,142547,84215,58332,14153,104,0.4092124001206619,0.0992865511024434,0.590787599879338,55.67,Risky
U1302,102082,81860,20222,11111,21,0.1980956485962265,0.1088438706138202,0.8019043514037735,40.6,Risky
U1303,64754,46527,18227,10789,94,0.2814806807301479,0.166615189795225,0.718519319269852,44.71,Risky
U1304,125742,74759,50983,11397,86,0.4054572060250354,0.0906379729923176,0.5945427939749646,55.66,Risky
U1305,136642,64390,72252,12999,74,0.5287686070168762,0.0951318042768694,0.4712313929831238,64.16,Moderate
U1306,41411,21683,19728,814,25,0.4763951607060925,0.0196566129772282,0.5236048392939074,62.76,Moderate
U1307,32911,17083,15828,16729,105,0.4809334265139315,0.5083102913919358,0.5190665734860684,48.42,Risky
U1308,97270,49413,47857,10541,79,0.4920016449059319,0.108368458928755,0.5079983550940681,61.19,Moderate
U1309,113763,63852,49911,2443,120,0.4387278816486907,0.0214744688519114,0.5612721183513093,60.07,Moderate
U1310,38680,15127,23553,10457,31,0.6089193381592555,0.2703464322647363,0.3910806618407446,64.51,Moderate
U1311,114896,99144,15752,10380,68,0.1370978972287982,0.0903425706726082,0.8629021027712018,36.89,Vulnerable
U1312,113879,65092,48787,7783,61,0.4284108571378393,0.0683444708857647,0.5715891428621607,57.94,Risky
U1313,101295,35612,65683,11473,101,0.648432795300854,0.1132632410286786,0.351567204699146,71.99,Moderate
U1314,118614,53659,64955,17368,54,0.5476166388453302,0.1464245367325948,0.4523833611546697,63.94,Moderate
U1315,130689,77662,53027,15328,86,0.4057495275042276,0.1172860761043393,0.5942504724957725,54.88,Risky
U1316,41111,20943,20168,827,99,0.4905742988494563,0.020116270584515,0.5094257011505436,63.74,Moderate
U1317,67504,39863,27641,19915,26,0.4094720312870348,0.2950195543967764,0.5905279687129652,49.81,Risky
U1318,31802,20333,11469,7147,33,0.3606376957424061,0.2247342934406641,0.6393623042575939,48.5,Risky
U1319,38155,21598,16557,4451,92,0.4339405058314768,0.116655746297995,0.5660594941685231,56.88,Risky
U1320,103656,51022,52634,15343,85,0.5077757196881995,0.1480184456278459,0.4922242803118005,61.1,Moderate
U1321,69384,55850,13534,13635,110,0.195059379684077,0.1965150466966447,0.804940620315923,37.76,Vulnerable
U1322,142561,95997,46564,5959,149,0.3266250938194878,0.041799650675851,0.6733749061805122,51.61,Risky
U1323,77254,45729,31525,126,39,0.4080694850752064,0.0016309835089445,0.5919305149247935,58.52,Risky
U1324,51918,19399,32519,19561,29,0.6263530952656111,0.3767672098308872,0.3736469047343888,62.54,Moderate
U1325,115981,96971,19010,8795,44,0.1639061570429639,0.0758313861753218,0.836093842957036,39.2,Vulnerable
U1326,90713,37339,53374,11641,44,0.5883831424382393,0.1283278030712246,0.4116168575617607,67.34,Moderate
U1327,60306,26692,33614,7196,73,0.5573906410639075,0.1193247769707823,0.4426093589360926,65.44,Moderate
U1328,46646,25553,21093,11559,52,0.4521931140933842,0.24780259829353,0.5478068859066157,54.22,Risky
U1329,76843,55173,21670,3368,114,0.2820035657119061,0.0438296266413336,0.7179964342880939,48.43,Risky
U1330,126601,56547,70054,3797,33,0.5533447603099502,0.0299918642032843,0.4466552396900498,67.83,Moderate
U1331,120735,57906,62829,15114,84,0.5203876257920238,0.12518325257796,0.4796123742079761,62.67,Moderate
U1332,137512,85842,51670,13718,129,0.3757490255395893,0.0997585665251032,0.6242509744604108,53.31,Risky
U1333,46371,24156,22215,1792,99,0.4790709710810636,0.0386448426818485,0.5209290289189364,62.38,Moderate
U1334,107371,82988,24383,11053,73,0.2270911139879483,0.1029421352134189,0.7729088860120517,42.81,Risky
U1335,141472,98281,43191,3476,144,0.3052971612757295,0.024570232978964,0.6947028387242705,50.63,Risky
U1336,32049,24603,7446,3417,44,0.2323317420200318,0.1066179912009735,0.7676682579799682,43.06,Risky
U1337,61616,28581,33035,1645,136,0.5361432095559595,0.0266976110101272,0.4638567904440405,66.73,Moderate
U1338,133727,95492,38235,14755,44,0.2859183261420655,0.1103367308023061,0.7140816738579344,46.7,Risky
U1339,142893,104250,38643,19414,98,0.270433121286557,0.1358638981615614,0.729566878713443,44.85,Risky
U1340,50932,43666,7266,19256,87,0.1426608026388125,0.3780727244168695,0.8573391973611875,28.64,Vulnerable
U1341,147796,83625,64171,3072,31,0.4341863108609164,0.0207854069122303,0.5658136891390836,59.77,Risky
U1342,59855,24116,35739,1854,51,0.5970929746888314,0.0309748559017625,0.4029070253111687,70.87,Moderate
U1343,91434,76758,14676,4662,147,0.1605092197650764,0.0509875976113918,0.8394907802349235,39.71,Vulnerable
U1344,102694,62859,39835,6514,115,0.3878999746820651,0.063431164430249,0.6121000253179348,55.25,Risky
U1345,73016,48291,24725,2708,111,0.3386244110879807,0.0370877615865015,0.6613755889120193,52.59,Risky
U1346,37400,27177,10223,11694,50,0.2733422459893048,0.3126737967914438,0.7266577540106952,39.75,Vulnerable
U1347,147858,74190,73668,9524,97,0.4982347928417806,0.0644131531604647,0.5017652071582194,62.94,Moderate
U1348,72642,60629,12013,19891,39,0.1653726494314583,0.2738223066545525,0.8346273505685416,33.36,Vulnerable
U1349,45151,38654,6497,6456,79,0.1438949303448428,0.1429868662931053,0.8561050696551571,35.78,Vulnerable
U1350,81407,43767,37640,4212,112,0.4623681010232535,0.0517400223567997,0.5376318989767465,60.81,Moderate
U1351,96690,39117,57573,13224,62,0.5954390319578033,0.1367669872789326,0.4045609680421967,67.58,Moderate
U1352,34499,20933,13566,7970,149,0.3932287892402678,0.2310211890199716,0.6067712107597322,50.6,Risky
U1353,36295,20521,15774,16920,79,0.4346053175368508,0.4661799145887863,0.5653946824631492,46.44,Risky
U1354,89040,68659,20381,1625,50,0.2288971248876909,0.0182502246181491,0.7711028751123091,45.48,Risky
U1355,42183,33772,8411,10314,24,0.1993931204513666,0.2445060806486025,0.8006068795486333,36.62,Vulnerable
U1356,59299,26492,32807,7973,29,0.5532471036611073,0.1344542066476669,0.4467528963388927,64.69,Moderate
U1357,42874,35621,7253,8577,108,0.1691701264169426,0.2000513131501609,0.8308298735830574,35.84,Vulnerable
U1358,146336,57010,89326,8070,149,0.6104171222392303,0.0551470588235294,0.3895828777607697,71.07,Moderate
U1359,62711,27519,35192,8666,145,0.5611774648785699,0.1381894723413755,0.43882253512143,65.14,Moderate
U1360,35539,28647,6892,3600,30,0.1939277976307718,0.1012971664931483,0.8060722023692282,40.54,Risky
U1361,137941,91427,46514,6783,75,0.3372021371455912,0.0491731972364996,0.6627978628544088,52.13,Risky
U1362,83351,54854,28497,13226,102,0.3418915189979724,0.1586783601876402,0.6581084810020276,49.17,Risky
U1363,91267,34167,57100,9146,118,0.6256368676520538,0.1002114674526389,0.3743631323479461,70.79,Moderate
U1364,78354,68580,9774,4971,92,0.1247415575465196,0.0634428363580672,0.8752584424534804,36.83,Vulnerable
U1365,32557,27321,5236,13490,134,0.1608256288970114,0.4143502165432933,0.8391743711029886,28.83,Vulnerable
U1366,68360,56367,11993,17589,26,0.1754388531304856,0.2572995904037449,0.8245611468695143,34.56,Vulnerable
U1367,112018,80636,31382,12951,99,0.2801514042386045,0.1156153475334321,0.7198485957613955,46.14,Risky
U1368,32200,17631,14569,12312,116,0.4524534161490683,0.3823602484472049,0.5475465838509317,50.2,Risky
U1369,142476,112234,30242,1990,23,0.2122603105084365,0.0139672646621185,0.7877396894915635,44.44,Risky
U1370,98497,79332,19165,5299,23,0.1945744540442856,0.0537985928505436,0.8054255459557144,42.01,Risky
U1371,76975,53527,23448,12997,122,0.3046183825917505,0.1688470282559272,0.6953816174082494,46.26,Risky
U1372,51357,29966,21391,19956,59,0.4165157622135249,0.3885740989543781,0.5834842377864751,47.5,Risky
U1373,149121,75670,73451,13472,36,0.4925597333708867,0.090342741800283,0.5074402666291132,61.77,Moderate
U1374,107505,43944,63561,4380,120,0.59123761685503,0.0407422910562299,0.40876238314497,70.16,Moderate
U1375,32869,23684,9185,4757,122,0.2794426359183425,0.1447260336487267,0.7205573640816575,45.22,Risky
U1376,91135,64899,26236,19097,143,0.2878806166675811,0.2095462775004114,0.712119383332419,43.87,Risky
U1377,80108,43409,36699,10395,71,0.4581190392969491,0.1297623208668298,0.5418809607030509,58.18,Risky
U1378,142296,79599,62697,16241,71,0.4406097149603643,0.1141353235509079,0.5593902850396357,57.42,Risky
U1379,124179,101734,22445,5588,143,0.1807471472632248,0.0449995570909735,0.8192528527367752,41.3,Risky
U1380,120272,96135,24137,17350,82,0.2006867766396168,0.1442563522681921,0.7993132233603831,39.72,Vulnerable
U1381,68467,33784,34683,4944,135,0.5065652065958783,0.0722099697664568,0.4934347934041217,63.29,Moderate
U1382,53328,24496,28832,13395,81,0.5406540654065407,0.2511813681368137,0.4593459345934593,60.31,Moderate
U1383,149181,130569,18612,19816,26,0.1247611961308745,0.1328319289990012,0.8752388038691254,34.75,Vulnerable
U1384,121412,58705,62707,17072,111,0.5164810727110994,0.1406121305966461,0.4835189272889006,61.94,Moderate
U1385,116831,80780,36051,4243,33,0.3085739230170075,0.0363174157543802,0.6914260769829925,50.51,Risky
U1386,33987,17737,16250,9916,105,0.4781239885838703,0.2917586135875482,0.5218760114161297,54.72,Risky
U1387,88871,32420,56451,9984,149,0.6352015843188442,0.1123426089500512,0.3647984156811558,71.09,Moderate
U1388,52399,45772,6627,1759,81,0.1264718792343365,0.0335693429263917,0.8735281207656634,37.85,Vulnerable
U1389,76214,44182,32032,9181,98,0.4202902353898234,0.1204634319153961,0.5797097646101766,55.81,Risky
U1390,129522,67337,62185,2482,77,0.4801114868516545,0.0191627677151371,0.5198885131483455,63.03,Moderate
U1391,116416,95320,21096,951,139,0.1812122045079714,0.0081689802089059,0.8187877954920286,42.44,Risky
U1392,100271,50300,49971,2079,84,0.4983594459016066,0.020733811371184,0.5016405540983934,64.26,Moderate
U1393,74064,44893,29171,2717,32,0.3938620652408727,0.0366844890905163,0.6061379347591273,56.47,Risky
U1394,100091,60630,39461,9692,101,0.3942512313794447,0.0968318829864823,0.6057487686205553,54.69,Risky
U1395,137450,115021,22429,7311,71,0.1631793379410694,0.0531902510003637,0.8368206620589306,39.83,Vulnerable
U1396,70818,26305,44513,18449,136,0.6285548871755768,0.2605128639611398,0.3714451128244231,66.18,Moderate
U1397,75525,48594,26931,768,45,0.3565839126117179,0.0101688182720953,0.643416087388282,54.66,Risky
U1398,49830,25375,24455,5490,53,0.4907686132851696,0.1101745936183022,0.5092313867148304,61.05,Moderate
U1399,47429,22693,24736,15534,71,0.5215374559868435,0.3275211368571971,0.4784625440131565,56.68,Risky
U1400,36893,18267,18626,6645,131,0.5048654216246985,0.1801154690591711,0.4951345783753015,59.94,Risky
U1401,146381,105353,41028,5232,101,0.2802822770714778,0.0357423436101679,0.7197177229285221,48.55,Risky
U1402,109909,47551,62358,11485,61,0.5673602707694547,0.1044955372171523,0.4326397292305453,66.58,Moderate
U1403,77333,65408,11925,5797,40,0.1542032508760813,0.0749615300065948,0.8457967491239187,38.55,Vulnerable
U1404,33436,25026,8410,19719,61,0.2515253020696255,0.5897535590381625,0.7484746979303745,29.91,Vulnerable
U1405,104290,38758,65532,12342,132,0.6283632179499473,0.1183430817911592,0.3716367820500527,70.44,Moderate
U1406,106213,64538,41675,8038,124,0.3923719318727462,0.0756781184977356,0.6076280681272537,55.2,Risky
U1407,35895,25974,9921,16002,36,0.2763894692854158,0.4458002507312996,0.7236105307145843,35.97,Vulnerable
U1408,49738,44062,5676,13087,139,0.1141179782057983,0.2631187422091761,0.8858820217942016,30.09,Vulnerable
U1409,60746,36494,24252,4873,148,0.3992361636980213,0.0802192736970335,0.6007638363019787,55.54,Risky
U1410,79377,43668,35709,1481,149,0.4498658301523111,0.0186577975988006,0.5501341698476889,60.93,Moderate
U1411,78404,56761,21643,10093,79,0.276044589561757,0.1287306770062752,0.723955410438243,45.46,Risky
U1412,84045,50223,33822,19835,67,0.4024272711047653,0.236004521387352,0.5975727288952347,51.09,Risky
U1413,127888,97149,30739,14422,48,0.2403587514074815,0.1127705492305767,0.7596412485925185,43.44,Risky
U1414,69790,54580,15210,16438,116,0.2179395328843673,0.2355351769594497,0.7820604671156326,38.19,Vulnerable
U1415,137455,82882,54573,7643,29,0.397024480739151,0.055603652104325,0.602975519260849,56.12,Risky
U1416,35600,30860,4740,19846,77,0.1331460674157303,0.5574719101123595,0.8668539325842697,22.6,Vulnerable
U1417,124660,71378,53282,15708,40,0.4274185785336114,0.1260067383282528,0.5725814214663886,56.14,Risky
U1418,123179,100617,22562,11271,47,0.1831643380771073,0.0915009863694298,0.8168356619228927,40.08,Risky
U1419,70764,45127,25637,17216,53,0.3622887343847153,0.2432875473404556,0.6377112656152846,48.06,Risky
U1420,104543,54725,49818,12600,27,0.4765311881235472,0.1205245688377031,0.5234688118764528,59.74,Risky
U1421,75714,51850,23864,10998,98,0.315186095041868,0.1452571519137808,0.6848139049581319,47.71,Risky
U1422,86835,60891,25944,14295,106,0.2987735360165832,0.1646225600276386,0.7012264639834168,45.98,Risky
U1423,132946,93908,39038,10682,107,0.2936380184435786,0.0803484121372587,0.7063619815564214,48.14,Risky
U1424,139616,72419,67197,16380,88,0.481298705019482,0.1173217969287187,0.518701294980518,60.17,Moderate
U1425,135983,110085,25898,8519,106,0.1904502768728444,0.062647536824456,0.8095497231271556,41.45,Risky
U1426,103744,91931,11813,19694,120,0.1138668260333127,0.1898326650215916,0.8861331739666872,32.28,Vulnerable
U1427,86491,49875,36616,3300,27,0.4233504064006659,0.0381542588246175,0.576649593599334,58.49,Risky
U1428,48589,33929,14660,6722,96,0.3017143797978966,0.138344069645393,0.6982856202021034,46.97,Risky
U1429,73484,34266,39218,7218,106,0.5336944096674106,0.0982254640465951,0.4663055903325894,64.41,Moderate
U1430,112989,100494,12495,3054,62,0.1105859862464487,0.027029179831665,0.8894140137535512,36.93,Vulnerable
U1431,66212,56176,10036,13575,148,0.1515737328580922,0.2050232586238144,0.8484262671419078,34.46,Vulnerable
U1432,73525,40295,33230,7970,128,0.4519551173070384,0.1083985039102346,0.5480448826929616,58.38,Risky
U1433,77202,34500,42702,2143,36,0.5531203854822414,0.0277583482293204,0.4468796145177586,67.89,Moderate
U1434,62635,48594,14041,9503,40,0.2241717889358984,0.1517202841861579,0.7758282110641015,41.14,Risky
U1435,93208,36835,56373,15149,77,0.6048086001201614,0.1625289674706033,0.3951913998798386,67.46,Moderate
U1436,63828,32632,31196,18922,129,0.4887510183618475,0.2964529673497524,0.5112489816381526,55.32,Risky
U1437,48711,18721,29990,12175,47,0.6156720247993266,0.2499435445792531,0.3843279752006733,65.6,Moderate
U1438,33420,13797,19623,8356,70,0.5871633752244165,0.2500299222022741,0.4128366247755834,63.6,Moderate
U1439,126752,106360,20392,15070,24,0.1608810906336783,0.1188935874779096,0.8391189093663216,37.69,Vulnerable
U1440,30301,14446,15855,822,24,0.5232500577538695,0.0271278175637767,0.4767499422461305,65.81,Moderate
U1441,75236,34348,40888,17327,113,0.5434632356850444,0.2303019830932,0.4565367643149556,61.13,Moderate
U1442,145294,90631,54663,14289,115,0.376223381557394,0.0983454237614767,0.623776618442606,53.39,Risky
U1443,147858,83631,64227,6150,27,0.4343829890841212,0.0415939617741346,0.5656170109158788,59.16,Risky
U1444,96235,50740,45495,4425,83,0.4727489998441315,0.0459811918740582,0.5272510001558685,61.71,Moderate
U1445,84240,53955,30285,16032,57,0.359508547008547,0.1903133903133903,0.6404914529914529,49.46,Risky
U1446,95726,74850,20876,2198,130,0.2180807722039989,0.0229613689070889,0.7819192277960011,44.58,Risky
U1447,40492,16330,24162,3452,131,0.5967104613256939,0.0852514076854687,0.403289538674306,69.21,Moderate
U1448,145668,102796,42872,9106,100,0.2943130955323063,0.0625120136200126,0.7056869044676937,48.73,Risky
U1449,131279,81968,49311,13859,123,0.3756198630397855,0.1055690552182755,0.6243801369602145,53.13,Risky
U1450,36102,25463,10639,17692,92,0.294692814802504,0.4900559525788045,0.705307185197496,35.93,Vulnerable
U1451,80336,59245,21091,8705,68,0.2625348536148177,0.108357398924517,0.7374651463851822,45.13,Risky
U1452,148015,53206,94809,10112,55,0.6405364321183664,0.0683174002634868,0.3594635678816336,72.79,Moderate
U1453,115314,60002,55312,19978,145,0.4796642211700227,0.1732486948679258,0.5203357788299773,58.38,Risky
U1454,56641,35017,21624,4841,87,0.3817729206758355,0.0854681237972493,0.6182270793241644,54.16,Risky
U1455,64584,49457,15127,15358,97,0.2342220983525331,0.2377988356249225,0.7657779016474668,39.26,Vulnerable
U1456,62745,42267,20478,1409,124,0.3263686349509921,0.0224559725874571,0.6736313650490079,52.17,Risky
U1457,53093,22796,30297,4566,141,0.5706401973894863,0.0860000376697493,0.4293598026105136,67.36,Moderate
U1458,96105,53247,42858,11382,138,0.4459497424691743,0.1184329639456844,0.5540502575308257,57.66,Risky
U1459,133746,90602,43144,17939,133,0.3225816099173059,0.1341273757719857,0.6774183900826941,48.56,Risky
U1460,130199,57519,72680,14596,29,0.5582224133825913,0.11210531570903,0.4417775866174087,65.71,Moderate
U1461,81885,39363,42522,804,110,0.5192892471148562,0.0098186481040483,0.4807107528851438,66.06,Moderate
U1462,66631,35187,31444,13221,21,0.4719124731731476,0.1984211553180951,0.5280875268268523,57.08,Risky
U1463,141217,52170,89047,1279,137,0.6305685576099195,0.0090569832243993,0.3694314423900805,73.87,Moderate
U1464,102991,91289,11702,13192,32,0.1136215785845365,0.1280888621335844,0.8863784214154635,34.11,Vulnerable
U1465,34014,15770,18244,7083,114,0.5363673781384136,0.2082377844417004,0.4636326218615864,61.3,Moderate
U1466,41093,26338,14755,11093,51,0.3590635874723188,0.2699486530552649,0.6409364125276811,47.04,Risky
U1467,48070,22642,25428,17771,51,0.5289785729144997,0.3696900353650926,0.4710214270855003,55.94,Risky
U1468,65777,53137,12640,12880,143,0.1921644343767578,0.1958131261687216,0.8078355656232422,37.58,Vulnerable
U1469,86958,45928,41030,15517,30,0.4718369787713609,0.1784424664780698,0.5281630212286391,57.68,Risky
U1470,112074,67263,44811,19063,29,0.3998340382247444,0.1700929742848475,0.6001659617752556,52.89,Risky
U1471,40729,34702,6027,2106,34,0.1479780991431167,0.0517076284711139,0.8520219008568833,38.81,Vulnerable
U1472,129713,75830,53883,16086,36,0.4154016945101879,0.1240122424120944,0.5845983054898122,55.36,Risky
U1473,75017,44163,30854,4831,78,0.4112934401535651,0.0643987362864417,0.5887065598464348,56.86,Risky
U1474,96320,63048,33272,19152,97,0.3454318936877076,0.1988372093023255,0.6545681063122923,48.22,Risky
U1475,57751,28436,29315,3186,143,0.5076102578310332,0.0551678758809371,0.4923897421689667,63.88,Moderate
U1476,136400,103090,33310,2573,133,0.244208211143695,0.0188636363636363,0.7557917888563049,46.53,Risky
U1477,135864,117113,18751,12808,41,0.138013013013013,0.0942707413295648,0.861986986986987,36.83,Vulnerable
U1478,108069,89542,18527,2599,51,0.1714367672505528,0.0240494498884971,0.8285632327494471,41.28,Risky
U1479,135647,99431,36216,4033,132,0.2669871062389879,0.0297315827110072,0.7330128937610121,47.8,Risky
U1480,135510,108668,26842,8428,139,0.1980813224116301,0.0621946719799276,0.8019186775883699,42.0,Risky
U1481,84748,49754,34994,1304,141,0.4129182989569075,0.0153867937886439,0.5870817010430924,58.44,Risky
U1482,35801,18685,17116,17685,51,0.4780872042680372,0.4939806150666183,0.5219127957319628,48.65,Risky
U1483,49190,31055,18135,18925,138,0.3686724944094328,0.3847326692417158,0.6313275055905672,44.27,Risky
U1484,79689,61378,18311,18435,58,0.2297807727540814,0.2313368218951172,0.7702192272459185,39.14,Vulnerable
U1485,134290,102669,31621,8633,31,0.2354680169781815,0.0642862461836324,0.7645319830218185,44.55,Risky
U1486,80993,49310,31683,11372,37,0.3911819539960243,0.1404071956835776,0.6088180460039756,53.17,Risky
U1487,59592,41793,17799,8996,145,0.2986810310108739,0.1509598603839441,0.701318968989126,46.38,Risky
U1488,40647,32817,7830,16458,65,0.1926341427411617,0.4049007306812311,0.8073658572588382,31.34,Vulnerable
U1489,38716,17976,20740,5475,123,0.53569583634673,0.1414144023142886,0.46430416365327,63.26,Moderate
U1490,118891,64914,53977,7184,105,0.4540040877778806,0.0604250952553179,0.5459959122221194,59.97,Risky
U1491,117545,86420,31125,12875,108,0.2647922072397805,0.1095325194606321,0.7352077927602195,45.25,Risky
U1492,147638,79279,68359,1622,41,0.4630176512821902,0.010986331432287,0.5369823487178098,62.08,Moderate
U1493,119912,89801,30111,15988,111,0.2511091467075855,0.1333311094802855,0.7488908532924144,43.58,Risky
U1494,140627,77370,63257,8041,48,0.4498211580990848,0.0571796312230226,0.5501788419009151,59.77,Risky
U1495,100316,48877,51439,16725,32,0.5127696479125962,0.1667231548307348,0.4872303520874038,60.89,Moderate
U1496,32368,22636,9732,18458,21,0.3006673257538309,0.5702545724172021,0.6993326742461691,33.94,Vulnerable
U1497,107575,81896,25679,7992,48,0.2387078782244945,0.0742923541715082,0.7612921217755054,44.48,Risky
U1498,36655,25732,10923,15646,46,0.297994816532533,0.4268449051971081,0.7020051834674669,38.05,Vulnerable
U1499,136477,49970,86507,17029,69,0.6338577196157594,0.1247756032151937,0.3661422803842405,70.63,Moderate
U1500,100031,62243,37788,4263,114,0.377762893503014,0.0426167887954734,0.6222371064969859,55.16,Risky
U1501,106429,58979,47450,14060,107,0.4458371308571912,0.1321068505764406,0.5541628691428088,57.25,Risky
U1502,121083,73510,47573,15156,63,0.3928957822320226,0.1251703377022373,0.6071042177679773,53.75,Risky
U1503,117922,93700,24222,8646,41,0.2054069639253065,0.0733196519733383,0.7945930360746934,42.18,Risky
U1504,85766,63888,21878,11664,116,0.2550894293776088,0.1359979479047641,0.7449105706223912,43.78,Risky
U1505,43403,20434,22969,2969,22,0.5292030504803815,0.068405409764302,0.4707969495196185,64.99,Moderate
U1506,62097,43340,18757,3028,137,0.3020596808219398,0.0487624200847061,0.6979403191780601,49.68,Risky
U1507,108657,62997,45660,19065,38,0.4202214307407714,0.1754603937160054,0.5797785692592285,54.15,Risky
U1508,40966,14968,25998,3629,42,0.634623834399258,0.0885856563979885,0.3653761656007421,71.77,Moderate
U1509,129157,57112,72045,3067,49,0.5578094876777875,0.0237462932709802,0.4421905123222125,68.33,Moderate
U1510,148834,78514,70320,5941,58,0.4724726876923283,0.0399169544593305,0.5275273123076716,61.88,Moderate
U1511,123848,104561,19287,17770,127,0.1557312189135068,0.1434823331826109,0.8442687810864932,36.6,Vulnerable
U1512,82921,45638,37283,19250,130,0.4496207233390817,0.2321486716272114,0.5503792766609182,54.51,Risky
U1513,79726,70416,9310,11555,44,0.1167749542181973,0.1449338986027143,0.8832250457818027,33.83,Vulnerable
U1514,80300,66563,13737,13081,147,0.1710709838107098,0.1629016189290162,0.8289290161892902,37.09,Vulnerable
U1515,52677,31837,20840,6819,130,0.3956185811644551,0.1294492852668147,0.604381418835545,53.81,Risky
U1516,85609,37622,47987,11046,125,0.5605368594423483,0.1290284899952107,0.4394631405576516,65.37,Moderate
U1517,126825,105002,21823,17717,91,0.1720717524147447,0.1396964320914646,0.8279282475852553,37.85,Vulnerable
U1518,86661,73700,12961,2711,148,0.1495597789086209,0.0312828146455729,0.8504402210913791,39.53,Vulnerable
U1519,61024,33062,27962,4853,127,0.4582131620346093,0.0795260880964866,0.5417868379653906,59.69,Risky
U1520,138211,81166,57045,7715,24,0.4127384940417188,0.0558204484447692,0.5872615059582812,57.22,Risky
U1521,100313,83261,17052,8942,22,0.1699879377548274,0.0891409887053522,0.8300120622451727,39.22,Vulnerable
U1522,83006,60278,22728,15507,123,0.2738115316965038,0.1868178203985254,0.7261884683034961,43.56,Risky
U1523,125285,99600,25685,15826,83,0.2050125713373508,0.1263199904218382,0.7949874286626492,40.56,Risky
U1524,45338,29247,16091,1762,125,0.3549119943535224,0.0388636463893422,0.6450880056464776,53.68,Risky
U1525,98027,41315,56712,15850,117,0.5785344853968805,0.1616901465922653,0.4214655146031195,65.65,Moderate
U1526,122772,108314,14458,12112,29,0.1177630078519532,0.0986544163164239,0.8822369921480467,35.28,Vulnerable
U1527,143632,84111,59521,12652,147,0.4143992982065277,0.0880862203408711,0.5856007017934722,56.37,Risky
U1528,110135,70977,39158,6122,65,0.3555454669269532,0.0555863258727924,0.6444545330730467,53.22,Risky
U1529,49508,40418,9090,481,85,0.1836066898279066,0.0097156015189464,0.8163933101720934,42.56,Risky
U1530,33051,11782,21269,14536,131,0.6435206196484221,0.4398051496172582,0.3564793803515779,61.85,Moderate
U1531,78747,51550,27197,153,32,0.3453718871830038,0.0019429311592822,0.6546281128169962,54.12,Risky
U1532,144692,126093,18599,7617,105,0.1285420064689132,0.0526428551682193,0.8714579935310868,37.42,Vulnerable
U1533,117142,83551,33591,1524,109,0.2867545372283211,0.0130098512915948,0.7132454627716788,49.68,Risky
U1534,117235,60022,57213,2120,77,0.4880197893120655,0.0180833368874482,0.5119802106879345,63.62,Moderate
U1535,84021,54141,29880,15048,73,0.3556253793694433,0.1790980826222016,0.6443746206305566,49.52,Risky
U1536,96412,48568,47844,2343,31,0.496245280670456,0.0243019541135958,0.5037547193295441,64.01,Moderate
U1537,88335,66998,21337,5136,33,0.2415463859172468,0.0581422992019018,0.7584536140827531,45.16,Risky
U1538,86179,41195,44984,1240,140,0.5219833138003458,0.0143886561691363,0.4780166861996542,66.11,Moderate
U1539,62093,37973,24120,60,140,0.3884495836889826,0.0009662924967387,0.6115504163110174,57.16,Risky
U1540,99678,40826,58852,9130,39,0.5904211561227152,0.0915949356929312,0.4095788438772849,68.58,Moderate
U1541,110738,86222,24516,18023,94,0.2213874189528436,0.1627535263414546,0.7786125810471564,40.61,Risky
U1542,69734,59469,10265,12312,89,0.1472022256001376,0.1765566294777296,0.8527977743998624,35.01,Vulnerable
U1543,102615,90752,11863,13350,75,0.1156068800857574,0.1300979388978219,0.8843931199142425,34.19,Vulnerable
U1544,103523,70697,32826,12418,120,0.3170889560773934,0.1199540198796402,0.6829110439226066,48.6,Risky
U1545,135103,74331,60772,1252,130,0.449819767140626,0.0092670036934783,0.550180232859374,61.21,Moderate
U1546,124476,88335,36141,8363,144,0.2903451267714258,0.0671856422121533,0.7096548732285742,48.31,Risky
U1547,132769,93587,39182,9650,39,0.2951140703025555,0.0726826292282084,0.7048859296974445,48.48,Risky
U1548,47019,35623,11396,19933,43,0.2423701057019502,0.4239350049979795,0.7576298942980497,34.25,Vulnerable
U1549,141721,71227,70494,18706,56,0.4974139330092223,0.1319917302305233,0.5025860669907777,60.86,Moderate
U1550,113613,78952,34661,16314,73,0.3050795243502064,0.1435927226637796,0.6949204756497936,47.05,Risky
U1551,121794,69703,52091,4090,122,0.4276975877301016,0.0335812930029393,0.5723024122698983,58.93,Risky
U1552,116672,97544,19128,6960,57,0.1639467910038398,0.0596544157981349,0.8360532089961602,39.69,Vulnerable
U1553,103847,80951,22896,3004,23,0.2204782035109343,0.0289271717045268,0.7795217964890656,44.57,Risky
U1554,112750,58491,54259,16713,76,0.4812328159645233,0.148230598669623,0.5187671840354767,59.24,Risky
U1555,109634,61344,48290,3640,39,0.4404655490085192,0.0332013791342101,0.5595344509914807,59.84,Risky
U1556,58251,26740,31511,1341,36,0.5409520866594565,0.0230210640160683,0.4590479133405435,67.18,Moderate
U1557,133481,111819,21662,11855,138,0.162285269064511,0.0888141383417864,0.837714730935489,38.7,Vulnerable
U1558,142566,81331,61235,338,90,0.4295203624987725,0.0023708317551169,0.5704796375012275,60.0,Moderate
U1559,55945,30121,25824,5895,23,0.4615962105639467,0.1053713468585217,0.5384037894360533,59.15,Risky
U1560,120852,86552,34300,12254,33,0.2838182239433356,0.1013967497434879,0.7161817760566643,46.83,Risky
U1561,62217,23532,38685,19092,22,0.6217753990067023,0.3068614687304113,0.3782246009932976,64.32,Moderate
U1562,38308,18492,19816,11344,99,0.517280985694894,0.2961261355330479,0.482719014305106,57.33,Risky
U1563,35949,18219,17730,1750,74,0.4931986981557206,0.048680074550057,0.5068013018442794,63.06,Moderate
U1564,81990,29812,52178,2421,139,0.6363946822783266,0.0295279912184412,0.3636053177216733,73.66,Moderate
U1565,31150,21661,9489,7119,43,0.3046227929373997,0.2285393258426966,0.6953772070626003,44.47,Risky
U1566,119480,42310,77170,5319,101,0.6458821560093739,0.0445179109474389,0.354117843990626,73.88,Moderate
U1567,130235,54393,75842,15896,79,0.5823472952739279,0.1220562828732675,0.4176527047260721,67.1,Moderate
U1568,104740,64467,40273,11918,68,0.3845044873018904,0.1137865189994271,0.6154955126981096,53.5,Risky
U1569,146352,75495,70857,13849,82,0.4841546408658576,0.0946280201158849,0.5158453591341423,61.05,Moderate
U1570,96617,62214,34403,4873,129,0.3560760528685428,0.0504362586294337,0.6439239471314572,53.41,Risky
U1571,124841,90847,33994,4806,128,0.2722983635183954,0.0384969681434785,0.7277016364816046,47.91,Risky
U1572,46896,26151,20745,8592,95,0.4423618219037871,0.1832139201637666,0.5576381780962129,55.47,Risky
U1573,76175,40640,35535,12182,49,0.4664916311125697,0.1599212340006564,0.5335083688874303,57.86,Risky
U1574,37805,24986,12819,19541,77,0.3390821319931226,0.5168893003570956,0.6609178680068774,38.23,Vulnerable
U1575,35237,22129,13108,16774,136,0.3719953458012884,0.4760337145613985,0.6280046541987115,41.76,Risky
U1576,145247,79164,66083,12045,119,0.4549698100477118,0.0829277024654554,0.5450301899522881,59.36,Risky
U1577,50056,32126,17930,4430,38,0.3581988173245964,0.0885008790155026,0.6418011826754035,52.42,Risky
U1578,75543,39307,36236,8820,113,0.4796738281508544,0.1167546960009531,0.5203261718491455,60.07,Moderate
U1579,86556,56145,30411,4232,132,0.3513447941217246,0.0488932020888211,0.6486552058782753,53.13,Risky
U1580,144548,81870,62678,11122,82,0.4336137476824308,0.0769432991117137,0.5663862523175692,58.04,Risky
U1581,141488,122922,18566,15023,135,0.131219608730069,0.106178615854348,0.868780391269931,36.0,Vulnerable
U1582,33343,27119,6224,8007,132,0.1866658668985994,0.2401403592958042,0.8133341331014006,35.86,Vulnerable
U1583,43500,25909,17591,17905,66,0.4043908045977011,0.4116091954022988,0.5956091954022988,45.96,Risky
U1584,83222,52671,30551,9018,76,0.3671024488716926,0.1083607699887049,0.6328975511283074,52.45,Risky
U1585,59375,26232,33143,1500,137,0.5581978947368421,0.0252631578947368,0.4418021052631579,68.32,Moderate
U1586,39662,35523,4139,6737,64,0.1043568150874892,0.1698603197014775,0.8956431849125107,32.21,Vulnerable
U1587,46964,24985,21979,3294,23,0.467996763478409,0.0701388297419299,0.532003236521591,60.66,Moderate
U1588,143429,113264,30165,18803,66,0.2103131165942731,0.1310962218240383,0.7896868834057269,40.79,Risky
U1589,89638,71327,18311,19426,66,0.2042772038644325,0.2167161248577612,0.7957227961355675,37.8,Vulnerable
U1590,103666,75153,28513,4497,97,0.2750467848667837,0.043379700190998,0.7249532151332163,47.95,Risky
U1591,115067,71303,43764,17850,143,0.3803349352985651,0.1551270129576681,0.6196650647014348,51.97,Risky
U1592,148937,83000,65937,19945,94,0.4427173905745382,0.1339156824697691,0.5572826094254618,56.97,Risky
U1593,97215,34644,62571,614,122,0.643635241475081,0.0063158977524044,0.356364758524919,74.86,Moderate
U1594,99042,68314,30728,9374,109,0.3102522162314977,0.0946467155348236,0.6897477837685022,48.88,Risky
U1595,43284,18791,24493,19607,88,0.5658672950743924,0.4529849366971629,0.4341327049256076,56.02,Risky
U1596,102789,63977,38812,2667,80,0.377589041628968,0.0259463561276012,0.6224109583710319,55.65,Risky
U1597,114664,74196,40468,13409,69,0.3529268122514477,0.1169416730621642,0.6470731877485523,51.2,Risky
U1598,123468,57335,66133,16514,22,0.5356286649172255,0.1337512553860109,0.4643713350827745,63.48,Moderate
U1599,91389,56806,34583,2983,126,0.3784153453916773,0.0326406897985534,0.6215846546083227,55.51,Risky
U1600,39435,16697,22738,12651,132,0.5765943958412577,0.3208063902624572,0.4234056041587422,60.74,Moderate
U1601,84340,34884,49456,8230,113,0.5863884277922694,0.0975812188759781,0.4136115722077306,68.12,Moderate
U1602,74078,34638,39440,6640,137,0.5324117821755447,0.0896352493317854,0.4675882178244553,64.58,Moderate
U1603,108832,57687,51145,11779,100,0.4699445016171714,0.1082310349897089,0.5300554983828286,59.65,Risky
U1604,81293,47245,34048,15317,128,0.418830649625429,0.1884172068935824,0.581169350374571,53.67,Risky
U1605,125981,52292,73689,17304,70,0.5849215357871425,0.1373540454512982,0.4150784642128575,66.82,Moderate
U1606,108781,48790,59991,7564,54,0.5514841746260836,0.06953420174479,0.4485158253739164,66.52,Moderate
U1607,90403,67832,22571,15520,65,0.2496709180005088,0.1716757187261484,0.7503290819994912,42.33,Risky
U1608,59124,30904,28220,13737,88,0.4773019416818889,0.2323421960625127,0.5226980583181111,56.44,Risky
U1609,125435,106971,18464,9323,112,0.1471997448877905,0.0743253477896918,0.8528002551122095,38.07,Vulnerable
U1610,73919,49231,24688,15229,83,0.3339872022078221,0.2060228087501183,0.6660127977921779,47.2,Risky
U1611,138761,105312,33449,11713,68,0.2410547632259785,0.0844113259489337,0.7589452367740215,44.34,Risky
U1612,65247,44378,20869,8502,93,0.3198461231934035,0.1303048416019127,0.6801538768065964,48.48,Risky
U1613,124758,74977,49781,19625,24,0.3990205036951538,0.1573045415925231,0.6009794963048462,53.21,Risky
U1614,121747,87853,33894,545,119,0.2783970036222658,0.0044764963407722,0.7216029963777342,49.35,Risky
U1615,92752,68898,23854,4346,89,0.2571804381576678,0.0468561324823184,0.7428195618423322,46.6,Risky
U1616,86573,58547,28026,9996,109,0.3237267970383375,0.1154632506670671,0.6762732029616624,49.2,Risky
U1617,89101,53542,35559,15775,23,0.3990864300063972,0.1770462733302656,0.6009135699936028,52.62,Risky
U1618,132756,101852,30904,13919,145,0.2327879719184067,0.1048464852812678,0.7672120280815933,43.15,Risky
U1619,56646,28103,28543,3810,58,0.5038837693747131,0.0672598241711683,0.4961162306252868,63.25,Moderate
U1620,134185,74655,59530,7206,148,0.443641241569475,0.0537019786116182,0.5563587584305251,59.44,Risky
U1621,53049,30991,22058,9005,43,0.4158042564421572,0.1697487228788478,0.5841957435578428,54.01,Risky
U1622,109605,57213,52392,16371,76,0.4780073901738059,0.1493636239222663,0.5219926098261941,58.98,Risky
U1623,128116,67441,60675,12316,119,0.4735942427175372,0.0961316307096693,0.5264057572824627,60.27,Moderate
U1624,127379,62602,64777,18416,89,0.5085375140329254,0.1445764215451526,0.4914624859670746,61.26,Moderate
U1625,98385,42589,55796,8436,60,0.5671189713879148,0.0857447781674035,0.4328810286120851,67.13,Moderate
U1626,70158,28138,42020,12984,79,0.5989338350580119,0.1850679893953647,0.4010661649419881,66.37,Moderate
U1627,95417,48910,46507,271,127,0.4874079042518628,0.0028401647505161,0.5125920957481371,64.03,Moderate
U1628,53289,22660,30629,19895,76,0.5747715288333427,0.3733415901968511,0.4252284711666573,59.03,Risky
U1629,140226,68789,71437,18155,50,0.5094419009313537,0.1294695705503972,0.4905580990686463,61.78,Moderate
U1630,130793,70309,60484,10616,103,0.4624406504935279,0.0811664232795333,0.5375593495064721,59.94,Risky
U1631,39823,32539,7284,4361,55,0.1829093739798608,0.1095095798910177,0.8170906260201392,39.52,Vulnerable
U1632,90160,36522,53638,7069,127,0.5949201419698315,0.078405057675244,0.4050798580301686,69.29,Moderate
U1633,71975,43944,28031,17304,125,0.3894546717610281,0.2404168113928447,0.6105453282389719,50.05,Risky
U1634,39540,33861,5679,3430,105,0.1436267071320182,0.0867475973697521,0.8563732928679818,37.45,Vulnerable
U1635,46364,26922,19442,12676,33,0.4193339660081097,0.2734017772409628,0.5806660339918902,51.15,Risky
U1636,34611,21248,13363,10816,139,0.3860911270983213,0.3125018057842882,0.6139088729016786,47.65,Risky
U1637,57663,25904,31759,2050,99,0.5507691240483499,0.0355513934412014,0.4492308759516501,67.49,Moderate
U1638,81991,56109,25882,11692,125,0.3156687929162957,0.1426010171848129,0.6843312070837043,47.82,Risky
U1639,87679,57923,29756,1165,89,0.3393743085573512,0.0132871040956215,0.6606256914426487,53.36,Risky
U1640,134182,113695,20487,2033,63,0.1526806874245427,0.0151510634809437,0.8473193125754572,40.23,Risky
U1641,60977,33638,27339,145,92,0.4483493776341899,0.0023779457828361,0.5516506223658101,61.31,Moderate
U1642,124704,111969,12735,14269,64,0.1021218244803695,0.1144229535540159,0.8978781755196305,33.72,Vulnerable
U1643,79115,51506,27609,7832,126,0.34897301396701,0.0989951336661821,0.6510269860329899,51.46,Risky
U1644,121007,83047,37960,14286,103,0.3137008602808102,0.1180592858264397,0.6862991397191898,48.42,Risky
U1645,118223,61080,57143,2632,101,0.4833492636796562,0.0222630114275564,0.5166507363203438,63.17,Moderate
U1646,90890,57053,33837,4494,126,0.3722851798877764,0.0494443833204973,0.6277148201122236,54.58,Risky
U1647,96387,35911,60476,15152,40,0.6274290101362217,0.1571996223557118,0.3725709898637783,69.2,Moderate
U1648,48071,36951,11120,9155,26,0.2313244991782987,0.1904474631274573,0.7686755008217012,40.48,Risky
U1649,89275,72806,16469,10426,89,0.184474936992439,0.116785214225707,0.8155250630075609,39.41,Vulnerable
U1650,102369,63057,39312,10233,146,0.3840225068135861,0.0999619025290859,0.6159774931864138,53.88,Risky
U1651,41938,35484,6454,1828,139,0.1538938432924793,0.0435881539415327,0.8461061567075207,39.46,Vulnerable
U1652,65195,43026,22169,12260,147,0.3400414142188818,0.1880512309226167,0.6599585857811182,48.16,Risky
U1653,121680,71070,50610,9130,76,0.4159270216962524,0.0750328731097961,0.5840729783037475,56.86,Risky
U1654,34000,21071,12929,4805,77,0.3802647058823529,0.1413235294117647,0.619735294117647,52.38,Risky
U1655,100588,70424,30164,806,40,0.2998767248578359,0.0080128842406648,0.7001232751421641,50.75,Risky
U1656,131042,49560,81482,8202,101,0.6218006440683139,0.062590619801285,0.378199355931686,71.65,Moderate
U1657,123610,63321,60289,1868,88,0.4877356200954615,0.0151120459509748,0.5122643799045384,63.69,Moderate
U1658,133691,67104,66587,14561,106,0.4980664367833287,0.1089153346148955,0.5019335632166713,61.6,Moderate
U1659,136306,66856,69450,15512,68,0.5095153551567796,0.11380276730298,0.4904846448432204,62.25,Moderate
U1660,127856,98270,29586,14899,134,0.2314009510699537,0.1165295332248779,0.7685990489300463,42.7,Risky
U1661,68304,28862,39442,16220,108,0.5774478800655891,0.2374677910517685,0.4225521199344109,63.3,Moderate
U1662,141783,125355,16428,15934,104,0.115867205518292,0.1123830078359182,0.884132794481708,34.74,Vulnerable
U1663,99449,51883,47566,5429,147,0.4782954076964072,0.0545907952820038,0.5217045923035928,61.84,Moderate
U1664,112986,91859,21127,9076,136,0.1869877683960844,0.080328536278831,0.8130122316039156,40.68,Risky
U1665,119643,105686,13957,3564,146,0.11665538309805,0.029788621147915,0.88334461690195,37.27,Vulnerable
U1666,50764,37159,13605,1389,90,0.2680048853518241,0.0273619100149712,0.7319951146481759,47.94,Risky
U1667,138940,99942,38998,11593,105,0.280682308910321,0.0834388944868288,0.719317691089679,47.14,Risky
U1668,116027,103841,12186,7274,52,0.1050272781335378,0.0626923043774294,0.8949727218664622,35.47,Vulnerable
U1669,68494,39389,29105,17208,100,0.4249277308961369,0.2512336847023096,0.5750722691038631,52.21,Risky
U1670,33373,25868,7505,18649,80,0.2248823899559524,0.5588050220237917,0.7751176100440476,28.98,Vulnerable
U1671,42161,34839,7322,17320,80,0.1736676075045658,0.410806195298973,0.8263323924954342,29.83,Vulnerable
U1672,127532,74597,52935,10745,117,0.415072295580717,0.084253363861619,0.584927704419283,56.53,Risky
U1673,122658,55532,67126,14199,47,0.5472614913010159,0.1157608961502714,0.4527385086989842,64.84,Moderate
U1674,130386,54891,75495,15876,62,0.5790115503198197,0.121761538815517,0.4209884496801804,66.88,Moderate
U1675,57350,40656,16694,18180,105,0.2910897994768962,0.3170008718395815,0.7089102005231037,40.87,Risky
U1676,123008,77733,45275,8245,36,0.3680654916753382,0.0670281607700312,0.6319345083246618,53.75,Risky
U1677,124297,108292,16005,7214,117,0.1287641696903384,0.0580384080066292,0.8712358303096616,37.27,Vulnerable
U1678,55351,29965,25386,726,117,0.4586367003306173,0.0131162941952268,0.5413632996693827,61.71,Moderate
U1679,118668,106036,12632,19120,84,0.1064482421545825,0.1611217851484814,0.8935517578454175,32.62,Vulnerable
U1680,144585,85144,59441,13832,93,0.4111145692845039,0.0956669087388041,0.588885430715496,55.91,Risky
U1681,45305,35020,10285,11362,104,0.2270168855534709,0.2507890961262554,0.7729831144465291,38.37,Vulnerable
U1682,105353,49869,55484,18297,24,0.5266485055005553,0.1736732698641709,0.4733514944994447,61.66,Moderate
U1683,106797,93953,12844,10106,21,0.1202655505304456,0.0946281262582282,0.8797344494695544,35.58,Vulnerable
U1684,95953,36454,59499,7657,41,0.6200848331995873,0.0797994851646118,0.3799151668004127,71.01,Moderate
U1685,87458,76612,10846,18850,131,0.1240138123442109,0.2155320268014361,0.8759861876557891,32.22,Vulnerable
U1686,137112,97801,39311,14551,76,0.2867072174572612,0.1061249197736157,0.7132927825427388,46.89,Risky
U1687,50358,40251,10107,7906,85,0.2007029667580126,0.1569959092894872,0.7992970332419874,39.34,Vulnerable
U1688,33267,22164,11103,7287,93,0.3337541707998918,0.2190459013436739,0.6662458292001082,46.79,Risky
U1689,112745,100758,11987,892,117,0.1063195707126701,0.0079116590536165,0.8936804292873298,37.21,Vulnerable
U1690,119588,84853,34735,10222,131,0.2904555641034217,0.0854768036926782,0.7095444358965782,47.77,Risky
U1691,68513,31791,36722,4675,144,0.5359858712944988,0.0682352254316699,0.4640141287055011,65.47,Moderate
U1692,56092,48708,7384,1933,105,0.1316408757042002,0.0344612422448834,0.8683591242957998,38.18,Vulnerable
U1693,41338,19025,22313,17764,95,0.5397697034205815,0.4297256761333398,0.4602302965794184,54.89,Risky
U1694,30412,12823,17589,11873,107,0.5783572274102328,0.3904051032487176,0.4216427725897672,58.77,Risky
U1695,37543,24170,13373,17674,57,0.3562048850651253,0.4707668540074048,0.6437951149348746,40.81,Risky
U1696,135891,122162,13729,18024,78,0.1010295015858298,0.1326357153895401,0.8989704984141702,33.09,Vulnerable
U1697,63496,30498,32998,13239,118,0.519686279450674,0.2085013229179791,0.4803137205493259,60.12,Moderate
U1698,90692,79599,11093,10874,82,0.1223150884311736,0.1199003219688616,0.8776849115688263,34.97,Vulnerable
U1699,119084,101698,17386,17602,68,0.1459977830774915,0.147811628766249,0.8540022169225084,35.79,Vulnerable
U1700,122920,63722,59198,5016,51,0.4815977871786527,0.0408070289619264,0.5184022128213472,62.49,Moderate
U1701,74425,65512,8913,13774,40,0.1197581457843466,0.1850722203560631,0.8802418542156534,32.83,Vulnerable
U1702,68756,51858,16898,9752,39,0.2457676420966897,0.1418348944092152,0.7542323579033102,42.95,Risky
U1703,48888,34108,14780,17338,146,0.3023236786123384,0.3546473572246768,0.6976763213876616,40.52,Risky
U1704,65735,36876,28859,15585,87,0.4390203088156994,0.2370883091199513,0.5609796911843006,53.62,Risky
U1705,77295,55205,22090,7291,129,0.2857882139853807,0.0943269292968497,0.7142117860146193,47.18,Risky
U1706,147474,72569,74905,974,135,0.5079200401426692,0.006604554023082,0.4920799598573308,65.36,Moderate
U1707,144352,82078,62274,4133,139,0.4314037907337619,0.0286314010197295,0.5685962092662381,59.34,Risky
U1708,113042,56218,56824,14663,98,0.5026804196670264,0.1297128500911165,0.4973195803329736,61.3,Moderate
U1709,115999,85625,30374,3972,135,0.2618470848886628,0.0342416744971939,0.7381529151113372,47.3,Risky
U1710,47955,19252,28703,5295,111,0.5985402981962257,0.1104160150140756,0.4014597018037744,68.59,Moderate
U1711,67841,38786,29055,13913,33,0.4282808331245117,0.2050824722512934,0.5717191668754883,53.83,Risky
U1712,100640,61190,39450,9105,144,0.3919912559618442,0.0904709856915739,0.6080087440381559,54.73,Risky
U1713,95510,81835,13675,8228,77,0.1431787247408648,0.0861480473248874,0.8568212752591352,37.44,Vulnerable
U1714,64911,36988,27923,9903,47,0.4301736223444408,0.1525627397513518,0.5698263776555591,55.54,Risky
U1715,89031,62068,26963,3020,45,0.3028495692511597,0.033920769170289,0.6971504307488403,50.18,Risky
U1716,118726,57077,61649,8987,132,0.5192544177349527,0.0756952984182066,0.4807455822650472,64.08,Moderate
U1717,37357,27374,9983,12880,85,0.2672323794737264,0.3447814331985973,0.7327676205262735,38.36,Vulnerable
U1718,62479,41858,20621,5233,63,0.3300468957569743,0.0837561420637334,0.6699531042430257,50.59,Risky
U1719,91476,42791,48685,9516,116,0.5322161003979186,0.1040272858454676,0.4677838996020814,64.13,Moderate
U1720,74811,38448,36363,14559,61,0.4860648835064362,0.194610418254,0.5139351164935638,58.19,Risky
U1721,66208,42631,23577,16701,25,0.3561050024166264,0.2522504833252779,0.6438949975833737,47.36,Risky
U1722,50150,34225,15925,2396,42,0.3175473579262213,0.0477766699900299,0.6824526420737786,50.8,Risky
U1723,101180,62469,38711,18546,108,0.3825953745799565,0.1832970942874086,0.6174046254200435,51.28,Risky
U1724,73286,32264,41022,19129,142,0.5597522036951122,0.2610184755614987,0.4402477963048877,61.35,Moderate
U1725,142856,57414,85442,1591,70,0.5980987847902783,0.0111370890967127,0.4019012152097216,71.53,Moderate
U1726,98450,57612,40838,11303,30,0.4148095479939055,0.1148095479939055,0.5851904520060944,55.59,Risky
U1727,51352,34635,16717,6183,31,0.325537466895155,0.12040426857766,0.6744625331048449,49.18,Risky
U1728,85069,73658,11411,1312,93,0.1341381701912565,0.0154227744536787,0.8658618298087435,38.93,Vulnerable
U1729,141888,66624,75264,7314,27,0.530446549391069,0.051547699594046,0.469553450608931,65.58,Moderate
U1730,140448,86882,53566,18767,60,0.3813938254727728,0.1336224082934609,0.6186061745272271,52.69,Risky
U1731,44397,19814,24583,19623,104,0.5537085839133274,0.4419893236029461,0.4462914160866725,55.5,Risky
U1732,71555,62588,8967,2139,91,0.1253161903430927,0.0298930892320592,0.8746838096569073,37.88,Vulnerable
U1733,76959,59187,17772,14688,74,0.2309281565508907,0.1908548707753479,0.7690718434491093,40.44,Risky
U1734,30728,14586,16142,18088,66,0.5253189273626659,0.5886487893777662,0.474681072637334,49.11,Risky
U1735,80517,53455,27062,6924,123,0.3361029347839586,0.0859942620812996,0.6638970652160413,50.95,Risky
U1736,149180,132650,16530,362,61,0.110805738034589,0.0024265987397774,0.889194261965411,37.68,Vulnerable
U1737,96234,71894,24340,18988,79,0.2529251615853025,0.1973107217823222,0.7470748384146975,41.79,Risky
U1738,69954,58631,11323,13481,31,0.161863510306773,0.1927123538325185,0.838136489693227,35.55,Vulnerable
U1739,77280,49966,27314,3738,149,0.3534420289855072,0.0483695652173913,0.6465579710144927,53.29,Risky
U1740,109459,85004,24455,2469,26,0.2234169871824153,0.0225563909774436,0.7765830128175847,44.96,Risky
U1741,46779,35912,10867,16106,99,0.2323050941661857,0.3442997926419975,0.7676949058338143,35.93,Vulnerable
U1742,93932,44456,49476,16940,128,0.526721458076055,0.1803432270152876,0.473278541923945,61.46,Moderate
U1743,102936,89486,13450,9017,22,0.1306637133753011,0.0875981192197093,0.8693362866246989,36.52,Vulnerable
U1744,54466,24697,29769,2808,46,0.5465611574193074,0.051555098593618,0.4534388425806925,66.71,Moderate
U1745,66939,48345,18594,16370,133,0.2777752879487294,0.2445510091277133,0.7222247120512706,42.11,Risky
U1746,99896,57281,42615,14870,126,0.4265936574036998,0.1488548090013614,0.5734063425963002,55.4,Risky
U1747,65270,33023,32247,12713,59,0.4940554619273786,0.1947755477248353,0.5059445380726214,58.74,Risky
U1748,89163,43458,45705,7561,148,0.5126005181521484,0.0847997487747159,0.4873994818478517,63.34,Moderate
U1749,112637,85321,27316,2719,27,0.2425135612631728,0.0241394923515363,0.7574864387368272,46.25,Risky
U1750,81934,48169,33765,11700,120,0.4120999829130763,0.1427978616935582,0.5879000170869236,54.56,Risky
U1751,94895,53679,41216,3741,143,0.4343326834922809,0.0394225196269561,0.5656673165077191,59.22,Risky
U1752,62307,52013,10294,9766,126,0.1652141813921389,0.15674001316064,0.834785818607861,36.86,Vulnerable
U1753,84098,74909,9189,3998,120,0.1092653808651811,0.0475397750243763,0.8907346191348189,36.22,Vulnerable
U1754,90921,51446,39475,18787,23,0.4341681239757591,0.2066299314789762,0.5658318760242408,54.19,Risky
U1755,35486,30653,4833,16077,129,0.1361945555993913,0.4530519077946232,0.8638054444006087,25.94,Vulnerable
U1756,38335,16166,22169,294,38,0.5782965958001826,0.0076692317725316,0.4217034041998174,70.25,Moderate
U1757,116900,54071,62829,10177,51,0.537459366980325,0.0870573139435414,0.4625406330196749,65.01,Moderate
U1758,132795,69542,63253,9882,31,0.4763206446025829,0.0744154523890206,0.5236793553974171,61.11,Moderate
U1759,119112,67400,51712,1136,65,0.4341460138357176,0.0095372422593861,0.5658539861642824,60.1,Moderate
U1760,127203,74627,52576,2064,138,0.4133235851355707,0.0162260324048961,0.5866764148644293,58.45,Risky
U1761,41130,30984,10146,7009,35,0.2466812545587162,0.1704108922927303,0.7533187454412837,42.16,Risky
U1762,117508,64863,52645,12987,148,0.4480120502433877,0.1105201347993328,0.5519879497566124,58.05,Risky
U1763,135955,54798,81157,4543,82,0.5969401640248612,0.0334154683534993,0.4030598359751388,70.78,Moderate
U1764,148324,79040,69284,1007,128,0.4671125374180847,0.0067891912300099,0.5328874625819152,62.49,Moderate
U1765,90566,36839,53727,5445,138,0.5932358721816134,0.0601219000507916,0.4067641278183866,69.72,Moderate
U1766,96703,62730,33973,10706,40,0.3513127824369461,0.1107101124060267,0.6486872175630539,51.27,Risky
U1767,57192,44902,12290,14749,32,0.2148901944327878,0.2578857182822772,0.7851098055672122,37.31,Vulnerable
U1768,31062,13579,17483,11718,23,0.5628420578198442,0.3772455089820359,0.4371579421801558,58.08,Risky
U1769,114076,58301,55775,9439,121,0.4889284336757951,0.0827430835583295,0.5110715663242049,61.74,Moderate
U1770,119780,57011,62769,13281,78,0.5240357321756554,0.1108782768408749,0.4759642678243446,63.36,Moderate
U1771,51545,42887,8658,1435,147,0.1679697351828499,0.0278397516732951,0.83203026481715,40.92,Risky
U1772,51689,29925,21764,571,46,0.4210567045212715,0.0110468378184913,0.5789432954787286,59.14,Risky
U1773,41174,26688,14486,2382,88,0.351823966580852,0.0578520425511244,0.648176033419148,52.89,Risky
U1774,118461,51475,66986,5084,44,0.5654688040789796,0.0429170781945112,0.4345311959210204,68.3,Moderate
U1775,133033,110986,22047,16661,116,0.1657257973585501,0.1252396022039644,0.8342742026414499,37.84,Vulnerable
U1776,39348,17044,22304,13507,44,0.566839483582393,0.3432703059875978,0.433160516417607,59.38,Risky
U1777,53714,33166,20548,7059,145,0.3825445880031277,0.1314182522247458,0.6174554119968724,52.84,Risky
U1778,68102,61141,6961,18271,28,0.1022143255704678,0.2682887433555549,0.8977856744295322,29.11,Vulnerable
U1779,104460,67442,37018,12771,135,0.354374880336971,0.1222573233773693,0.6456251196630289,51.14,Risky
U1780,132634,55133,77501,17649,79,0.5843222703077642,0.1330654281707556,0.4156777296922357,66.91,Moderate
U1781,119930,94849,25081,7491,140,0.2091303260235137,0.0624614358375719,0.7908696739764863,42.77,Risky
U1782,36801,16431,20370,14527,127,0.5535175674574061,0.3947447080242384,0.4464824325425939,56.9,Risky
U1783,133150,58899,74251,17424,127,0.5576492677431468,0.1308599324070597,0.4423507322568532,65.11,Moderate
U1784,102267,79526,22741,14859,95,0.2223688971026822,0.1452961365836486,0.7776311028973178,41.21,Risky
U1785,78136,54475,23661,8073,49,0.302818163202621,0.1033198525647588,0.6971818367973789,48.1,Risky
U1786,53625,21600,32025,9077,40,0.5972027972027972,0.1692680652680652,0.4027972027972028,66.73,Moderate
U1787,112873,67988,44885,19136,53,0.3976593162226573,0.169535672835842,0.6023406837773426,52.75,Risky
U1788,130843,78715,52128,11383,60,0.3984011372408153,0.0869973938231315,0.6015988627591847,55.28,Risky
U1789,102592,90813,11779,16378,70,0.1148140205864005,0.1596420773549594,0.8851859794135996,33.25,Vulnerable
U1790,107052,48624,58428,2353,101,0.5457908306243695,0.021979972349886,0.4542091693756305,67.55,Moderate
U1791,74261,37099,37162,4799,77,0.5004241795828227,0.0646234227925829,0.4995758204171772,63.09,Moderate
U1792,31542,13839,17703,17070,94,0.5612516644474035,0.541183184325661,0.4387483355525965,53.05,Risky
U1793,51677,23396,28281,11939,42,0.5472647406002671,0.2310312131122162,0.4527352593997329,61.38,Moderate
U1794,76732,29466,47266,2428,147,0.6159881144763593,0.0316426002189438,0.3840118855236407,72.17,Moderate
U1795,80343,40187,40156,11296,36,0.4998070771566907,0.1405971895498052,0.5001929228433093,60.77,Moderate
U1796,69081,58050,11031,7813,88,0.1596821123029487,0.1130991155310432,0.8403178876970513,37.78,Vulnerable
U1797,92856,43227,49629,14414,127,0.5344727319720858,0.1552296028258809,0.4655272680279141,62.76,Moderate
U1798,123105,63669,59436,11801,113,0.4828073595710978,0.0958612566508265,0.5171926404289021,60.92,Moderate
U1799,118858,61838,57020,11745,34,0.4797321173164616,0.0988153931582224,0.5202678826835383,60.62,Moderate
U1800,49065,24435,24630,13025,110,0.5019871598899419,0.2654641801691633,0.4980128401100581,57.18,Risky
U1801,113460,100549,12911,3356,52,0.1137934073682355,0.0295787061519478,0.8862065926317645,37.08,Vulnerable
U1802,118092,43246,74846,14288,144,0.6337939911255631,0.120990414253294,0.3662060088744369,70.74,Moderate
U1803,84693,53391,31302,6540,35,0.3695937090432503,0.0772200772200772,0.6304062909567497,53.55,Risky
U1804,56962,39392,17570,16422,85,0.3084512482005547,0.2882974614655384,0.6915487517994452,42.94,Risky
U1805,58295,45985,12310,3342,66,0.2111673385367527,0.057329101981302,0.7888326614632473,43.06,Risky
U1806,43807,15738,28069,9078,143,0.640742347113475,0.2072271554774351,0.359257652886525,68.64,Moderate
U1807,72348,39010,33338,2844,20,0.4608005749986178,0.0393100016586498,0.5391994250013822,61.08,Moderate
U1808,56432,19917,36515,10396,106,0.6470619506662886,0.1842217181740856,0.3529380493337113,69.77,Moderate
U1809,113285,72925,40360,17482,147,0.356269585558547,0.1543187535860881,0.643730414441453,50.31,Risky
U1810,136995,67821,69174,18207,86,0.5049381364283368,0.1329026606810467,0.4950618635716632,61.36,Moderate
U1811,121792,55677,66115,13998,23,0.5428517472411981,0.1149336573830793,0.4571482527588019,64.55,Moderate
U1812,87854,31428,56426,13261,66,0.6422701299883898,0.1509436109909623,0.3577298700116101,70.43,Moderate
U1813,70262,43499,26763,19539,57,0.3809029062651219,0.2780877287865418,0.619097093734878,48.32,Risky
U1814,67080,41982,25098,3093,40,0.3741502683363149,0.0461091234347048,0.6258497316636852,54.81,Risky
U1815,31324,15320,16004,11722,76,0.510918145830673,0.3742178521261652,0.489081854169327,54.54,Risky
U1816,121267,84734,36533,19280,136,0.3012608541482843,0.1589880181747713,0.6987391458517156,46.32,Risky
U1817,65909,58128,7781,11645,65,0.1180567145609856,0.1766830023213825,0.8819432854390143,32.96,Vulnerable
U1818,119339,43306,76033,15083,58,0.637117790495982,0.126387853090775,0.3628822095040179,70.81,Moderate
U1819,49870,20862,29008,988,118,0.5816723481050732,0.0198115099258071,0.4183276518949268,70.12,Moderate
U1820,64578,48277,16301,6446,96,0.2524234259345287,0.0998172752330515,0.7475765740654712,44.68,Risky
U1821,102124,54030,48094,16335,134,0.4709372919196271,0.159952606635071,0.5290627080803729,58.17,Risky
U1822,147611,51837,95774,16133,110,0.6488269844388291,0.1092940228031786,0.3511730155611709,72.14,Moderate
U1823,133605,81759,51846,1682,117,0.3880543392837094,0.0125893492010029,0.6119456607162905,56.79,Risky
U1824,56790,24163,32627,5626,139,0.5745201620003522,0.0990667371016024,0.4254798379996478,67.24,Moderate
U1825,148874,105417,43457,7424,65,0.2919045635906874,0.0498676733344976,0.7080954364093126,48.94,Risky
U1826,55289,31463,23826,12857,57,0.4309356291486552,0.2325417352457089,0.5690643708513448,53.19,Risky
U1827,85129,69669,15460,12155,119,0.181606738009374,0.1427833053366068,0.818393261990626,38.43,Vulnerable
U1828,123714,88113,35601,17317,91,0.287768562975896,0.1399760738477456,0.712231437024104,45.94,Risky
U1829,124246,94205,30041,19982,54,0.2417864559020008,0.1608261030536194,0.7582135440979991,42.1,Risky
U1830,45485,17070,28415,11425,49,0.6247114433329669,0.2511817082554688,0.3752885566670331,66.19,Moderate
U1831,74482,33687,40795,1980,97,0.5477162267393464,0.0265836040922639,0.4522837732606535,67.54,Moderate
U1832,116188,46698,69490,15522,103,0.598082418149895,0.133593830688195,0.401917581850105,67.86,Moderate
U1833,34748,20721,14027,19440,132,0.4036779095199724,0.5594566593760792,0.5963220904800276,41.47,Risky
U1834,116769,45815,70954,8984,44,0.6076441521294179,0.0769382284681722,0.3923558478705821,70.23,Moderate
U1835,39435,15709,23726,17175,107,0.60164828198301,0.4355268162799544,0.39835171801699,59.05,Risky
U1836,33709,15288,18421,15883,33,0.546471268800617,0.4711798036132784,0.453528731199383,54.12,Risky
U1837,60355,40043,20312,5390,121,0.336542125755944,0.0893049457377185,0.663457874244056,50.88,Risky
U1838,85771,34192,51579,18639,102,0.6013571020508097,0.2173112124144524,0.3986428979491903,65.58,Moderate
U1839,87799,74562,13237,19994,129,0.1507648150890101,0.2277246893472591,0.8492351849109899,33.72,Vulnerable
U1840,43116,32767,10349,1607,38,0.240026904165507,0.0372715465256517,0.759973095834493,45.68,Risky
U1841,55470,24183,31287,6573,47,0.5640346133044889,0.1184964845862628,0.4359653866955111,65.93,Moderate
U1842,72344,62884,9460,17368,90,0.1307641269490213,0.2400751962844189,0.8692358730509786,31.95,Vulnerable
U1843,72918,39732,33186,5776,82,0.4551139636303793,0.0792122658328533,0.5448860363696206,59.48,Risky
U1844,82224,52033,30191,3676,92,0.3671798988129986,0.0447071414672115,0.6328201011870014,54.36,Risky
U1845,69298,52216,17082,3380,143,0.2465006205085284,0.0487748564172126,0.7534993794914716,45.79,Risky
U1846,138492,119005,19487,8711,138,0.1407084885769575,0.0628989400109753,0.8592915114230425,37.96,Vulnerable
U1847,110219,94760,15459,8782,140,0.1402571244522269,0.0796777325143577,0.8597428755477731,37.43,Vulnerable
U1848,91629,49446,42183,17434,38,0.460367350947844,0.1902672734614587,0.539632649052156,56.52,Risky
U1849,96040,74494,21546,13997,139,0.2243440233236151,0.1457413577675968,0.7756559766763849,41.33,Risky
U1850,129518,55909,73609,6342,80,0.5683302706959651,0.0489661668648373,0.4316697293040349,68.31,Moderate
U1851,129835,64066,65769,17343,49,0.5065583240266492,0.1335772326414295,0.4934416759733508,61.45,Moderate
U1852,58016,38165,19851,6059,28,0.3421642305570877,0.1044367071152785,0.6578357694429123,50.82,Risky
U1853,53960,25312,28648,8884,83,0.5309117865085249,0.1646404744255003,0.4690882134914751,62.22,Moderate
U1854,63591,22645,40946,5655,139,0.6438961488260917,0.0889276784450629,0.3561038511739082,72.4,Moderate
U1855,112848,73263,39585,12091,71,0.3507815823054019,0.1071441230681979,0.6492184176945981,51.34,Risky
U1856,133333,114057,19276,19330,108,0.1445703614259035,0.144975362438406,0.8554296385740965,35.77,Vulnerable
U1857,141732,63400,78332,15251,72,0.5526768831315441,0.1076044929867637,0.4473231168684559,65.46,Moderate
U1858,144821,108689,36132,526,97,0.249494203188764,0.0036320699346089,0.750505796811236,47.36,Risky
U1859,97641,69705,27936,3224,60,0.2861093188312287,0.0330189162339591,0.7138906811687713,49.04,Risky
U1860,66395,28224,38171,15069,87,0.5749077490774908,0.226959861435349,0.4250922509225092,63.43,Moderate
U1861,141276,81744,59532,11536,27,0.4213879215153316,0.0816557660182904,0.5786120784846683,57.05,Risky
U1862,52700,19926,32774,13547,21,0.6218975332068312,0.2570588235294118,0.3781024667931689,65.82,Moderate
U1863,64620,26348,38272,18259,124,0.5922624574435159,0.2825595790776849,0.407737542556484,62.98,Moderate
U1864,133214,63459,69755,1763,144,0.5236311498791418,0.0132343447385409,0.4763688501208581,66.26,Moderate
U1865,50559,44746,5813,8712,129,0.1149745841492118,0.1723135346822524,0.8850254158507882,32.88,Vulnerable
U1866,123045,70863,52182,5797,105,0.4240887480190174,0.0471128448941444,0.5759112519809826,58.27,Risky
U1867,123396,108075,15321,9208,139,0.1241612369930954,0.0746215436480923,0.8758387630069046,36.45,Vulnerable
U1868,91642,51551,40091,5109,146,0.4374740839353135,0.0557495471508696,0.5625259160646865,58.95,Risky
U1869,106539,54554,51985,16500,35,0.4879433822356132,0.1548728634584518,0.5120566177643867,59.51,Risky
U1870,51732,38898,12834,2433,81,0.2480862908837856,0.0470308513106007,0.7519137091162144,45.96,Risky
U1871,121362,86002,35360,16967,132,0.2913597336892932,0.1398048812643166,0.7086402663107068,46.2,Risky
U1872,60354,33012,27342,4167,31,0.453027139874739,0.0690426483745899,0.5469728601252609,59.64,Risky
U1873,43843,26599,17244,17773,54,0.3933125014255411,0.4053782815956937,0.6066874985744589,45.37,Risky
U1874,140008,60444,79564,8357,30,0.568281812467859,0.0596894463173533,0.431718187532141,67.99,Moderate
U1875,144065,96711,47354,6154,83,0.3286988512129941,0.0427168292090375,0.6713011487870059,51.73,Risky
U1876,101726,89351,12375,8920,69,0.1216503155535458,0.0876865304838487,0.8783496844464542,35.88,Vulnerable
U1877,47640,21233,26407,18427,88,0.5543031066330815,0.3867968094038623,0.4456968933669185,57.2,Risky
U1878,82528,45083,37445,19880,67,0.4537247964327258,0.2408879410624273,0.5462752035672741,54.53,Risky
U1879,68413,31235,37178,17162,39,0.5434347273179074,0.2508587549150015,0.4565652726820925,60.51,Moderate
U1880,82638,69851,12787,213,120,0.1547351097558024,0.0025775067160386,0.8452648902441976,40.75,Risky
U1881,82736,29069,53667,3762,87,0.6486535486366274,0.0454699284471088,0.3513464513633726,74.04,Moderate
U1882,137892,67843,70049,13399,54,0.507999013720883,0.097170249180518,0.492000986279117,62.64,Moderate
U1883,140133,108768,31365,9768,84,0.2238230823574747,0.0697052086232365,0.7761769176425253,43.58,Risky
U1884,136357,64247,72110,10640,27,0.5288324031769546,0.0780304641492552,0.4711675968230454,64.68,Moderate
U1885,98866,36027,62839,6731,64,0.6355976776647179,0.0680820504521271,0.3644023223352821,72.45,Moderate
U1886,49087,36513,12574,19501,106,0.2561574347586937,0.3972742273921812,0.7438425652413062,36.01,Vulnerable
U1887,71430,44552,26878,5791,95,0.3762844743105138,0.0810723785524289,0.6237155256894862,53.91,Risky
U1888,54504,44168,10336,15822,95,0.1896374578012623,0.2902906208718626,0.8103625421987377,34.57,Vulnerable
U1889,37114,23797,13317,8783,66,0.3588133857843401,0.2366492428733092,0.6411866142156598,48.02,Risky
U1890,108859,76911,31948,13621,34,0.2934805574183117,0.1251251619066866,0.7065194425816882,46.79,Risky
U1891,129657,68999,60658,16019,124,0.4678343629730751,0.1235490563563864,0.5321656370269249,59.04,Risky
U1892,40975,20602,20373,2720,45,0.4972056131787675,0.0663819402074435,0.5027943868212325,62.81,Moderate
U1893,41023,15245,25778,8905,71,0.6283792019111231,0.2170733490968481,0.371620798088877,67.47,Moderate
U1894,51447,37494,13953,9127,112,0.2712111493381538,0.1774058740062588,0.7287888506618462,43.66,Risky
U1895,120469,68213,52256,16385,40,0.4337713436651753,0.1360100938830736,0.5662286563348248,56.28,Risky
U1896,53959,31138,22821,6368,70,0.4229322263199837,0.1180155303100502,0.5770677736800163,56.06,Risky
U1897,96203,52661,43542,14056,57,0.4526054281051526,0.1461077097387815,0.5473945718948473,57.3,Risky
U1898,149156,60050,89106,12236,39,0.5974013784225911,0.0820349164633001,0.4025986215774089,69.36,Moderate
U1899,59703,45923,13780,18333,74,0.2308091720684052,0.3070699964825888,0.7691908279315948,36.94,Vulnerable
U1900,39337,20199,19138,14451,111,0.4865139690367847,0.3673640592826092,0.5134860309632153,53.04,Risky
U1901,76427,30514,45913,17301,47,0.6007431928506941,0.2263728786947021,0.3992568071493059,65.26,Moderate
U1902,91529,47985,43544,19558,23,0.4757399294212763,0.2136809098755585,0.5242600705787237,56.89,Risky
U1903,132023,91478,40545,10433,95,0.3071055800883179,0.0790241094354771,0.6928944199116821,49.13,Risky
U1904,114665,49873,64792,15525,86,0.5650547246326255,0.135394409802468,0.4349452753673745,65.49,Moderate
U1905,135787,70456,65331,89,105,0.481128532186439,0.0006554382967441,0.518871467813561,63.66,Moderate
U1906,61921,45252,16669,18093,110,0.2691978488719497,0.2921948934933221,0.7308021511280502,40.08,Risky
U1907,63307,37323,25984,10361,124,0.4104443426477325,0.1636627861058019,0.5895556573522676,53.82,Risky
U1908,57355,39219,18136,16369,20,0.3162060849097725,0.2853979600732281,0.6837939150902276,43.57,Risky
U1909,133268,72634,60634,3041,91,0.4549779391902032,0.0228186811537653,0.5450220608097968,61.16,Moderate
U1910,34835,17980,16855,105,106,0.4838524472513277,0.0030142098464188,0.5161475527486723,63.78,Moderate
U1911,50159,17756,32403,9078,25,0.6460057018680596,0.1809844693873482,0.3539942981319404,69.79,Moderate
U1912,134346,102333,32013,18279,80,0.2382877048814255,0.1360591309008083,0.7617122951185744,42.6,Risky
U1913,77605,37722,39883,6090,31,0.5139230719670125,0.0784743251079183,0.4860769280329876,63.62,Moderate
U1914,135616,64366,71250,6082,25,0.5253804860783389,0.0448472156677678,0.4746195139216612,65.43,Moderate
U1915,68088,53850,14238,17018,46,0.2091117377511455,0.2499412524967688,0.7908882622488544,37.14,Vulnerable
U1916,108752,63980,44772,1925,143,0.4116889804325437,0.0177008238928939,0.5883110195674562,58.29,Risky
U1917,85284,31837,53447,18440,125,0.6266943389146851,0.2162187514656911,0.3733056610853149,67.38,Moderate
U1918,87043,74970,12073,6917,112,0.1387015612972898,0.0794664705949932,0.8612984387027102,37.33,Vulnerable
U1919,65547,37197,28350,19528,128,0.4325140738706577,0.2979236273208537,0.5674859261293423,51.34,Risky
U1920,127007,72682,54325,552,118,0.4277323297141102,0.004346217137638,0.5722676702858898,59.81,Risky
U1921,112844,79425,33419,3911,54,0.2961522101308,0.0346584665555988,0.7038477898691999,49.69,Risky
U1922,57532,47146,10386,3389,103,0.18052562052423,0.0589063477716748,0.81947437947577,40.87,Risky
U1923,64349,45147,19202,13629,75,0.2984040156024181,0.2117981631416183,0.701595984397582,44.53,Risky
U1924,148012,83892,64120,2430,68,0.4332081182606815,0.0164175877631543,0.5667918817393184,59.83,Risky
U1925,75445,40519,34926,458,65,0.4629332626416594,0.0060706474915501,0.5370667373583405,62.22,Moderate
U1926,35713,20898,14815,13395,132,0.414834934057626,0.3750735026460952,0.5851650659423739,47.79,Risky
U1927,86178,68563,17615,207,62,0.2044025157232704,0.0024020051521269,0.7955974842767296,44.24,Risky
U1928,79407,33547,45860,899,143,0.5775309481531855,0.0113214200259422,0.4224690518468145,70.09,Moderate
U1929,100340,45944,54396,11653,116,0.5421168028702412,0.1161351405222244,0.4578831971297588,64.46,Moderate
U1930,80990,51039,29951,16405,109,0.3698110877886159,0.2025558710951969,0.6301889122113841,49.81,Risky
U1931,105672,41102,64570,8601,58,0.6110417139828904,0.081393368158074,0.3889582860171095,70.33,Moderate
U1932,95545,58169,37376,894,104,0.3911873986079858,0.0093568475587419,0.6088126013920142,57.1,Risky
U1933,114791,72358,42433,514,81,0.3696544154158427,0.0044777029558066,0.6303455845841573,55.74,Risky
U1934,88141,59739,28402,4109,125,0.3222336937407109,0.0466184862890141,0.6777663062592891,51.16,Risky
U1935,53793,48167,5626,13258,126,0.10458609856301,0.2464632944806945,0.89541390143699,29.93,Vulnerable
U1936,86570,31817,54753,15313,73,0.6324708328520272,0.1768857571907127,0.3675291671479727,68.97,Moderate
U1937,125084,74728,50356,15349,145,0.4025774679415433,0.1227095391896645,0.5974225320584567,54.5,Risky
U1938,67892,46309,21583,7179,28,0.317901961939551,0.1057414717492488,0.682098038060449,49.08,Risky
U1939,31015,27201,3814,10326,107,0.122972755118491,0.3329356762856682,0.877027244881509,28.62,Vulnerable
U1940,91813,34734,57079,11787,56,0.6216875605851023,0.1283805125635803,0.3783124394148976,69.67,Moderate
U1941,57712,33436,24276,1560,68,0.4206404214028278,0.02703077349598,0.5793595785971721,58.63,Risky
U1942,130497,110292,20205,13612,60,0.1548311455435757,0.1043089113159689,0.8451688544564243,37.71,Vulnerable
U1943,38415,16999,21416,17650,36,0.5574905635819342,0.4594559416894442,0.4425094364180658,55.24,Risky
U1944,141854,76638,65216,19811,107,0.4597402963610473,0.1396576762022925,0.5402597036389527,57.99,Risky
U1945,142816,66178,76638,4780,40,0.5366205467174546,0.0334696392561057,0.4633794532825454,66.56,Moderate
U1946,92292,62411,29881,18311,70,0.3237658735318337,0.1984028951588436,0.6762341264681663,46.71,Risky
U1947,53833,38074,15759,11894,78,0.2927386547285122,0.2209425445358794,0.7072613452714878,43.86,Risky
U1948,34158,27208,6950,2356,60,0.2034662450963171,0.0689735933017155,0.7965337549036828,42.17,Risky
U1949,92680,48631,44049,4790,58,0.475280535174795,0.0516832110487699,0.524719464825205,61.72,Moderate
U1950,50309,19350,30959,16690,30,0.6153769703234013,0.3317497863205391,0.3846230296765986,63.12,Moderate
U1951,36970,14245,22725,10181,96,0.6146875845279957,0.275385447660265,0.3853124154720043,64.77,Moderate
U1952,102474,39714,62760,7057,146,0.612448035599274,0.0688662489997462,0.387551964400726,70.81,Moderate
U1953,116704,53206,63498,16082,65,0.5440944612009871,0.1378016177680285,0.4559055387990129,63.95,Moderate
U1954,76540,56020,20520,661,64,0.268095113666057,0.0086360073164358,0.731904886333943,48.51,Risky
U1955,50384,30666,19718,4644,20,0.3913543982216577,0.0921721181327405,0.6086456017783424,54.63,Risky
U1956,48017,21000,27017,15711,127,0.5626548930587084,0.3271966178645063,0.4373451069412916,59.57,Risky
U1957,105880,91388,14492,2920,38,0.1368719304873441,0.0275783906309029,0.8631280695126559,38.75,Vulnerable
U1958,135570,99156,36414,16002,95,0.2685992476211551,0.1180349634874972,0.7314007523788448,45.26,Risky
U1959,38702,32234,6468,14025,91,0.1671231460906413,0.3623843729006253,0.8328768539093587,30.83,Vulnerable
U1960,30384,18253,12131,8946,128,0.3992561874670879,0.2944312796208531,0.6007438125329121,49.11,Risky
U1961,30404,19921,10483,12732,31,0.3447901591895803,0.4187606893829759,0.6552098408104197,41.57,Risky
U1962,70943,27472,43471,6236,64,0.612759539348491,0.0879015547693218,0.3872404606515089,70.26,Moderate
U1963,77926,69411,8515,16309,109,0.1092703333932192,0.2092882991556091,0.8907296666067808,31.37,Vulnerable
U1964,59189,35012,24177,13518,122,0.4084711686293061,0.2283870313740728,0.5915288313706939,51.74,Risky
U1965,42763,37760,5003,352,27,0.1169936627458316,0.0082314150083015,0.8830063372541683,37.94,Vulnerable
U1966,48384,32372,16012,7005,110,0.3309358465608465,0.1447792658730158,0.6690641534391535,48.82,Risky
U1967,90100,79976,10124,14036,106,0.1123640399556048,0.1557824639289678,0.8876359600443952,33.19,Vulnerable
U1968,128142,47843,80299,16542,103,0.6266407579091945,0.1290911644893946,0.3733592420908055,69.99,Moderate
U1969,39860,29177,10683,956,101,0.2680130456598093,0.0239839438033115,0.7319869543401907,48.04,Risky
U1970,134293,48815,85478,2071,87,0.6365037641574766,0.0154215037269254,0.3634962358425234,74.09,Moderate
U1971,110642,66215,44427,8595,146,0.4015382946801396,0.0776829775311364,0.5984617053198604,55.78,Risky
U1972,80612,47059,33553,15140,101,0.4162283530987942,0.1878132287996824,0.5837716469012058,53.5,Risky
U1973,53574,39254,14320,12803,103,0.2672938365625116,0.2389778623959383,0.7327061634374883,41.54,Risky
U1974,53524,41241,12283,3453,132,0.2294858381286899,0.0645131156116882,0.77051416187131,44.13,Risky
U1975,99172,75953,23219,6675,95,0.23412858468116,0.0673073044811035,0.76587141531884,44.37,Risky
U1976,40916,18716,22200,955,141,0.5425750317724117,0.0233405024929123,0.4574249682275882,67.28,Moderate
U1977,34809,21466,13343,6295,60,0.383320405642219,0.1808440345887557,0.6166795943577811,51.41,Risky
U1978,62201,35088,27113,15921,21,0.4358933136123213,0.2559605151042587,0.5641066863876787,52.83,Risky
U1979,83330,46365,36965,18096,48,0.4435977439097563,0.2171606864274571,0.5564022560902436,54.54,Risky
U1980,43456,38897,4559,15282,124,0.1049107142857142,0.3516660530191458,0.8950892857142857,26.79,Vulnerable
U1981,143748,115929,27819,4703,70,0.193526170798898,0.0327169769318529,0.8064738292011019,42.57,Risky
U1982,86397,32158,54239,6563,94,0.627788001898214,0.0759632857622371,0.3722119981017859,71.67,Moderate
U1983,68765,35750,33015,12003,29,0.4801134297971351,0.1745510070530066,0.5198865702028649,58.37,Risky
U1984,64816,34021,30795,10817,70,0.4751141693409035,0.1668878054801283,0.5248858306590966,58.25,Risky
U1985,75106,41883,33223,11171,137,0.442348147950896,0.1487364524804942,0.557651852049104,56.5,Risky
U1986,83932,31469,52463,12582,140,0.6250655292379546,0.1499070676261735,0.3749344707620454,69.26,Moderate
U1987,47100,29390,17710,12201,58,0.3760084925690021,0.2590445859872611,0.6239915074309978,48.55,Risky
U1988,87091,54832,32259,17778,47,0.3704056676350025,0.2041313109276503,0.6295943323649975,49.8,Risky
U1989,51949,26549,25400,12473,22,0.4889410768253479,0.2401008681591561,0.5110589231746521,57.02,Risky
U1990,100080,40313,59767,9461,103,0.5971922462030376,0.0945343725019984,0.4028077537969624,68.97,Moderate
U1991,67744,40463,27281,15596,136,0.4027072508266415,0.2302196504487482,0.5972927491733585,51.28,Risky
U1992,75543,44925,30618,529,21,0.4053055875461657,0.0070026342612816,0.5946944124538343,58.16,Risky
U1993,138319,68285,70034,19342,112,0.5063223418330092,0.1398361757965283,0.4936776581669908,61.25,Moderate
U1994,122193,93698,28495,19975,113,0.2331966642933719,0.1634709025885279,0.7668033357066281,41.42,Risky
U1995,66187,30839,35348,12765,59,0.5340625802650067,0.1928626467433181,0.4659374197349932,61.6,Moderate
U1996,142734,100472,42262,13910,21,0.296089228915325,0.0974540053526139,0.703910771084675,47.8,Risky
U1997,37239,16709,20530,11561,100,0.5513037407019522,0.3104540938263648,0.4486962592980477,59.28,Risky
U1998,44489,17997,26492,9131,31,0.5954730382791251,0.2052417451504866,0.4045269617208748,65.53,Moderate
U1999,144937,119225,25712,525,84,0.1774012157006147,0.0036222634661956,0.8225987842993853,42.31,Risky
